asset_id,clip_id,split,archive_name,member_path,mapping_status,exclusion_reason,mapping_notes
isd_audio_f8e5c8063260ab5fef2e,,,WAV_London_1.zip,WAV_London_1/EustonTap/ET203.wav,ambiguous_clip_match,ambiguous_clip_match,2 MOSAIQ clips share this normalized GroupID.
isd_audio_27ae9794682794c79554,,,WAV_London_2.zip,WAV_London_2/RegentsParkFields/RF222.wav,ambiguous_clip_match,ambiguous_clip_match,2 MOSAIQ clips share this normalized GroupID.
isd_audio_56e9b6d1911c9792f819,,,WAV_London_4.zip,WAV_London_4/TorringtonSq/TS417.wav,ambiguous_clip_match,ambiguous_clip_match,2 MOSAIQ clips share this normalized GroupID.
isd_audio_8b85adf15e0f8330232b,ISD_Noorderplantsoen_Noorderplantsoen1_NP102,test,WAV_Groningen_1.zip,WAV_Groningen_1/Noorderplantsoen/NP102.wav,exact_duplicate_excluded,exact_duplicate_excluded,Byte-identical duplicate for ISD_Noorderplantsoen_Noorderplantsoen1_NP102; canonical member is WAV_Groningen_1/Noorderplantsoen/NP102.1.wav.
isd_audio_c7da64b36e35997524ae,ISD_CarloV_CarloV2_2CV21,excluded,WAV_Granada_1.zip,Grenada WAV Files/CarloV/2CV21.wav,matched,frozen_split_excluded,Matched by normalized GroupID and LocationID. Linked clip is excluded by the frozen split.
isd_audio_684cfdf87ff935b30193,ISD_RussellSq_RussellSq2_RS204,excluded,WAV_London_3.zip,WAV_London_3/RussellSq/RS204.wav,matched,frozen_split_excluded,Matched by normalized GroupID and LocationID. Linked clip is excluded by the frozen split.
isd_audio_missing_7313f4f2b159c36b,ISD_CamdenTown_CamdenTown1_CT105,train,WAV_Granada_1.zip;WAV_Groningen_1.zip;WAV_London_1.zip;WAV_London_2.zip;WAV_London_3.zip;WAV_London_4.zip;WAV_Venice_1.zip,,missing_source_asset,missing_source_asset,MOSAIQ clip is in the archive location scope but no WAV candidate exists.
isd_audio_missing_a2b1b327baff4d46,ISD_CamdenTown_CamdenTown1_CT106,train,WAV_Granada_1.zip;WAV_Groningen_1.zip;WAV_London_1.zip;WAV_London_2.zip;WAV_London_3.zip;WAV_London_4.zip;WAV_Venice_1.zip,,missing_source_asset,missing_source_asset,MOSAIQ clip is in the archive location scope but no WAV candidate exists.
isd_audio_missing_38904f65dd1aac4a,ISD_CamdenTown_CamdenTown1_CT111,train,WAV_Granada_1.zip;WAV_Groningen_1.zip;WAV_London_1.zip;WAV_London_2.zip;WAV_London_3.zip;WAV_London_4.zip;WAV_Venice_1.zip,,missing_source_asset,missing_source_asset,MOSAIQ clip is in the archive location scope but no WAV candidate exists.
isd_audio_missing_b022d91227f6aceb,ISD_CamdenTown_CamdenTown1_CT115,train,WAV_Granada_1.zip;WAV_Groningen_1.zip;WAV_London_1.zip;WAV_London_2.zip;WAV_London_3.zip;WAV_London_4.zip;WAV_Venice_1.zip,,missing_source_asset,missing_source_asset,MOSAIQ clip is in the archive location scope but no WAV candidate exists.
isd_audio_missing_3a93f934effc8861,ISD_CamdenTown_CamdenTown1_CT118,train,WAV_Granada_1.zip;WAV_Groningen_1.zip;WAV_London_1.zip;WAV_London_2.zip;WAV_London_3.zip;WAV_London_4.zip;WAV_Venice_1.zip,,missing_source_asset,missing_source_asset,MOSAIQ clip is in the archive location scope but no WAV candidate exists.
isd_audio_missing_8d79cbc59d14232b,ISD_CamdenTown_CamdenTown2_CT204,train,WAV_Granada_1.zip;WAV_Groningen_1.zip;WAV_London_1.zip;WAV_London_2.zip;WAV_London_3.zip;WAV_London_4.zip;WAV_Venice_1.zip,,missing_source_asset,missing_source_asset,MOSAIQ clip is in the archive location scope but no WAV candidate exists.
isd_audio_missing_06e376c86537d81a,ISD_CamdenTown_CamdenTown2_CT205,train,WAV_Granada_1.zip;WAV_Groningen_1.zip;WAV_London_1.zip;WAV_London_2.zip;WAV_London_3.zip;WAV_London_4.zip;WAV_Venice_1.zip,,missing_source_asset,missing_source_asset,MOSAIQ clip is in the archive location scope but no WAV candidate exists.
isd_audio_missing_64af8f4031025b0d,ISD_CamdenTown_CamdenTown3_CT302,train,WAV_Granada_1.zip;WAV_Groningen_1.zip;WAV_London_1.zip;WAV_London_2.zip;WAV_London_3.zip;WAV_London_4.zip;WAV_Venice_1.zip,,missing_source_asset,missing_source_asset,MOSAIQ clip is in the archive location scope but no WAV candidate exists.
isd_audio_missing_18fdd1d53eb90ca9,ISD_CamdenTown_CamdenTown3_CT304,train,WAV_Granada_1.zip;WAV_Groningen_1.zip;WAV_London_1.zip;WAV_London_2.zip;WAV_London_3.zip;WAV_London_4.zip;WAV_Venice_1.zip,,missing_source_asset,missing_source_asset,MOSAIQ clip is in the archive location scope but no WAV candidate exists.
isd_audio_missing_84a78ccb61a972f4,ISD_CamdenTown_CamdenTown4_CT410,train,WAV_Granada_1.zip;WAV_Groningen_1.zip;WAV_London_1.zip;WAV_London_2.zip;WAV_London_3.zip;WAV_London_4.zip;WAV_Venice_1.zip,,missing_source_asset,missing_source_asset,MOSAIQ clip is in the archive location scope but no WAV candidate exists.
isd_audio_missing_59e378357bba6a55,ISD_CampoPrincipe_CampoPrincipe1_CP10,train,WAV_Granada_1.zip;WAV_Groningen_1.zip;WAV_London_1.zip;WAV_London_2.zip;WAV_London_3.zip;WAV_London_4.zip;WAV_Venice_1.zip,,missing_source_asset,missing_source_asset,MOSAIQ clip is in the archive location scope but no WAV candidate exists.
isd_audio_missing_aa2aa6e605f1983f,ISD_CampoPrincipe_CampoPrincipe1_CP15,train,WAV_Granada_1.zip;WAV_Groningen_1.zip;WAV_London_1.zip;WAV_London_2.zip;WAV_London_3.zip;WAV_London_4.zip;WAV_Venice_1.zip,,missing_source_asset,missing_source_asset,MOSAIQ clip is in the archive location scope but no WAV candidate exists.
isd_audio_missing_5b9b9ca6e58677b0,ISD_CampoPrincipe_CampoPrincipe1_CP22,train,WAV_Granada_1.zip;WAV_Groningen_1.zip;WAV_London_1.zip;WAV_London_2.zip;WAV_London_3.zip;WAV_London_4.zip;WAV_Venice_1.zip,,missing_source_asset,missing_source_asset,MOSAIQ clip is in the archive location scope but no WAV candidate exists.
isd_audio_missing_5b2a7f2917015c01,ISD_CampoPrincipe_CampoPrincipe1_CP23,train,WAV_Granada_1.zip;WAV_Groningen_1.zip;WAV_London_1.zip;WAV_London_2.zip;WAV_London_3.zip;WAV_London_4.zip;WAV_Venice_1.zip,,missing_source_asset,missing_source_asset,MOSAIQ clip is in the archive location scope but no WAV candidate exists.
isd_audio_missing_83234b983ee5641a,ISD_CarloV_CarloV1_CV11,train,WAV_Granada_1.zip;WAV_Groningen_1.zip;WAV_London_1.zip;WAV_London_2.zip;WAV_London_3.zip;WAV_London_4.zip;WAV_Venice_1.zip,,missing_source_asset,missing_source_asset,MOSAIQ clip is in the archive location scope but no WAV candidate exists.
isd_audio_missing_c20f2b3c27513c0e,ISD_CarloV_CarloV1_CV13,train,WAV_Granada_1.zip;WAV_Groningen_1.zip;WAV_London_1.zip;WAV_London_2.zip;WAV_London_3.zip;WAV_London_4.zip;WAV_Venice_1.zip,,missing_source_asset,missing_source_asset,MOSAIQ clip is in the archive location scope but no WAV candidate exists.
isd_audio_missing_a05c2161e04322be,ISD_CarloV_CarloV1_CV17,train,WAV_Granada_1.zip;WAV_Groningen_1.zip;WAV_London_1.zip;WAV_London_2.zip;WAV_London_3.zip;WAV_London_4.zip;WAV_Venice_1.zip,,missing_source_asset,missing_source_asset,MOSAIQ clip is in the archive location scope but no WAV candidate exists.
isd_audio_missing_fa405cd37f9d42b7,ISD_CarloV_CarloV1_CV21,train,WAV_Granada_1.zip;WAV_Groningen_1.zip;WAV_London_1.zip;WAV_London_2.zip;WAV_London_3.zip;WAV_London_4.zip;WAV_Venice_1.zip,,missing_source_asset,missing_source_asset,MOSAIQ clip is in the archive location scope but no WAV candidate exists.
isd_audio_missing_f59515919f8312f6,ISD_CarloV_CarloV1_CV211,train,WAV_Granada_1.zip;WAV_Groningen_1.zip;WAV_London_1.zip;WAV_London_2.zip;WAV_London_3.zip;WAV_London_4.zip;WAV_Venice_1.zip,,missing_source_asset,missing_source_asset,MOSAIQ clip is in the archive location scope but no WAV candidate exists.
isd_audio_missing_1311ed27313b4abc,ISD_CarloV_CarloV1_CV24,train,WAV_Granada_1.zip;WAV_Groningen_1.zip;WAV_London_1.zip;WAV_London_2.zip;WAV_London_3.zip;WAV_London_4.zip;WAV_Venice_1.zip,,missing_source_asset,missing_source_asset,MOSAIQ clip is in the archive location scope but no WAV candidate exists.
isd_audio_missing_9ee762fc5f686b92,ISD_CarloV_CarloV1_CV25,train,WAV_Granada_1.zip;WAV_Groningen_1.zip;WAV_London_1.zip;WAV_London_2.zip;WAV_London_3.zip;WAV_London_4.zip;WAV_Venice_1.zip,,missing_source_asset,missing_source_asset,MOSAIQ clip is in the archive location scope but no WAV candidate exists.
isd_audio_missing_3f46edbd059b6fd1,ISD_CarloV_CarloV1_CV26,train,WAV_Granada_1.zip;WAV_Groningen_1.zip;WAV_London_1.zip;WAV_London_2.zip;WAV_London_3.zip;WAV_London_4.zip;WAV_Venice_1.zip,,missing_source_asset,missing_source_asset,MOSAIQ clip is in the archive location scope but no WAV candidate exists.
isd_audio_missing_ad1e344a8f8889e7,ISD_CarloV_CarloV1_CV29,train,WAV_Granada_1.zip;WAV_Groningen_1.zip;WAV_London_1.zip;WAV_London_2.zip;WAV_London_3.zip;WAV_London_4.zip;WAV_Venice_1.zip,,missing_source_asset,missing_source_asset,MOSAIQ clip is in the archive location scope but no WAV candidate exists.
isd_audio_missing_233280be76bbf5f8,ISD_CarloV_CarloV1_CV310,train,WAV_Granada_1.zip;WAV_Groningen_1.zip;WAV_London_1.zip;WAV_London_2.zip;WAV_London_3.zip;WAV_London_4.zip;WAV_Venice_1.zip,,missing_source_asset,missing_source_asset,MOSAIQ clip is in the archive location scope but no WAV candidate exists.
isd_audio_missing_3ab8602fc647af17,ISD_CarloV_CarloV1_CV32,train,WAV_Granada_1.zip;WAV_Groningen_1.zip;WAV_London_1.zip;WAV_London_2.zip;WAV_London_3.zip;WAV_London_4.zip;WAV_Venice_1.zip,,missing_source_asset,missing_source_asset,MOSAIQ clip is in the archive location scope but no WAV candidate exists.
isd_audio_missing_84462f2257cfd85c,ISD_CarloV_CarloV1_CV44,excluded,WAV_Granada_1.zip;WAV_Groningen_1.zip;WAV_London_1.zip;WAV_London_2.zip;WAV_London_3.zip;WAV_London_4.zip;WAV_Venice_1.zip,,missing_source_asset,missing_source_asset,MOSAIQ clip is in the archive location scope but no WAV candidate exists.
isd_audio_missing_1295526078b09e20,ISD_CarloV_CarloV2_2CV24,train,WAV_Granada_1.zip;WAV_Groningen_1.zip;WAV_London_1.zip;WAV_London_2.zip;WAV_London_3.zip;WAV_London_4.zip;WAV_Venice_1.zip,,missing_source_asset,missing_source_asset,MOSAIQ clip is in the archive location scope but no WAV candidate exists.
isd_audio_missing_c50cf2b2848c8def,ISD_CarloV_CarloV2_2CV52,train,WAV_Granada_1.zip;WAV_Groningen_1.zip;WAV_London_1.zip;WAV_London_2.zip;WAV_London_3.zip;WAV_London_4.zip;WAV_Venice_1.zip,,missing_source_asset,missing_source_asset,MOSAIQ clip is in the archive location scope but no WAV candidate exists.
isd_audio_missing_9a27f503db9f43b4,ISD_CarloV_CarloV2_2CV7,train,WAV_Granada_1.zip;WAV_Groningen_1.zip;WAV_London_1.zip;WAV_London_2.zip;WAV_London_3.zip;WAV_London_4.zip;WAV_Venice_1.zip,,missing_source_asset,missing_source_asset,MOSAIQ clip is in the archive location scope but no WAV candidate exists.
isd_audio_missing_9fb04fb4cb04542f,ISD_EustonTap_EustonTap2_ET203,dev,WAV_Granada_1.zip;WAV_Groningen_1.zip;WAV_London_1.zip;WAV_London_2.zip;WAV_London_3.zip;WAV_London_4.zip;WAV_Venice_1.zip,,missing_source_asset,missing_source_asset,MOSAIQ clip is in the archive location scope but no WAV candidate exists.
isd_audio_missing_2c860a7c6d99c5e6,ISD_EustonTap_EustonTap2_ET208,dev,WAV_Granada_1.zip;WAV_Groningen_1.zip;WAV_London_1.zip;WAV_London_2.zip;WAV_London_3.zip;WAV_London_4.zip;WAV_Venice_1.zip,,missing_source_asset,missing_source_asset,MOSAIQ clip is in the archive location scope but no WAV candidate exists.
isd_audio_missing_77c0d72f3b615708,ISD_EustonTap_EustonTap2_ET209,dev,WAV_Granada_1.zip;WAV_Groningen_1.zip;WAV_London_1.zip;WAV_London_2.zip;WAV_London_3.zip;WAV_London_4.zip;WAV_Venice_1.zip,,missing_source_asset,missing_source_asset,MOSAIQ clip is in the archive location scope but no WAV candidate exists.
isd_audio_missing_6c75cc07176ecb32,ISD_EustonTap_EustonTap2_ET217,dev,WAV_Granada_1.zip;WAV_Groningen_1.zip;WAV_London_1.zip;WAV_London_2.zip;WAV_London_3.zip;WAV_London_4.zip;WAV_Venice_1.zip,,missing_source_asset,missing_source_asset,MOSAIQ clip is in the archive location scope but no WAV candidate exists.
isd_audio_missing_26b4980b3afb2043,ISD_EustonTap_EustonTap3_ET203,dev,WAV_Granada_1.zip;WAV_Groningen_1.zip;WAV_London_1.zip;WAV_London_2.zip;WAV_London_3.zip;WAV_London_4.zip;WAV_Venice_1.zip,,missing_source_asset,missing_source_asset,MOSAIQ clip is in the archive location scope but no WAV candidate exists.
isd_audio_missing_172b04d06a26c541,ISD_MarchmontGarden_MarchmontGarden1_MC107,dev,WAV_Granada_1.zip;WAV_Groningen_1.zip;WAV_London_1.zip;WAV_London_2.zip;WAV_London_3.zip;WAV_London_4.zip;WAV_Venice_1.zip,,missing_source_asset,missing_source_asset,MOSAIQ clip is in the archive location scope but no WAV candidate exists.
isd_audio_missing_512caaeae89d7820,ISD_MarchmontGarden_MarchmontGarden1_MC117,dev,WAV_Granada_1.zip;WAV_Groningen_1.zip;WAV_London_1.zip;WAV_London_2.zip;WAV_London_3.zip;WAV_London_4.zip;WAV_Venice_1.zip,,missing_source_asset,missing_source_asset,MOSAIQ clip is in the archive location scope but no WAV candidate exists.
isd_audio_missing_00489cdeebad1ac7,ISD_MarchmontGarden_MarchmontGarden1_MC123,dev,WAV_Granada_1.zip;WAV_Groningen_1.zip;WAV_London_1.zip;WAV_London_2.zip;WAV_London_3.zip;WAV_London_4.zip;WAV_Venice_1.zip,,missing_source_asset,missing_source_asset,MOSAIQ clip is in the archive location scope but no WAV candidate exists.
isd_audio_missing_ff1b2bafbe93f5cb,ISD_MarchmontGarden_MarchmontGarden1_MC128,dev,WAV_Granada_1.zip;WAV_Groningen_1.zip;WAV_London_1.zip;WAV_London_2.zip;WAV_London_3.zip;WAV_London_4.zip;WAV_Venice_1.zip,,missing_source_asset,missing_source_asset,MOSAIQ clip is in the archive location scope but no WAV candidate exists.
isd_audio_missing_74de32288ed3c5b5,ISD_MarchmontGarden_MarchmontGarden2_MC201,dev,WAV_Granada_1.zip;WAV_Groningen_1.zip;WAV_London_1.zip;WAV_London_2.zip;WAV_London_3.zip;WAV_London_4.zip;WAV_Venice_1.zip,,missing_source_asset,missing_source_asset,MOSAIQ clip is in the archive location scope but no WAV candidate exists.
isd_audio_missing_4a64752de66af11e,ISD_MarchmontGarden_MarchmontGarden2_MC202,dev,WAV_Granada_1.zip;WAV_Groningen_1.zip;WAV_London_1.zip;WAV_London_2.zip;WAV_London_3.zip;WAV_London_4.zip;WAV_Venice_1.zip,,missing_source_asset,missing_source_asset,MOSAIQ clip is in the archive location scope but no WAV candidate exists.
isd_audio_missing_eaa2bf43579b3206,ISD_MarchmontGarden_MarchmontGarden2_MC205,dev,WAV_Granada_1.zip;WAV_Groningen_1.zip;WAV_London_1.zip;WAV_London_2.zip;WAV_London_3.zip;WAV_London_4.zip;WAV_Venice_1.zip,,missing_source_asset,missing_source_asset,MOSAIQ clip is in the archive location scope but no WAV candidate exists.
isd_audio_missing_b66d83cdf03333c3,ISD_MarchmontGarden_MarchmontGarden3_MC306,dev,WAV_Granada_1.zip;WAV_Groningen_1.zip;WAV_London_1.zip;WAV_London_2.zip;WAV_London_3.zip;WAV_London_4.zip;WAV_Venice_1.zip,,missing_source_asset,missing_source_asset,MOSAIQ clip is in the archive location scope but no WAV candidate exists.
isd_audio_missing_2bb942fcab102d35,ISD_MarchmontGarden_MarchmontGarden3_MC313,dev,WAV_Granada_1.zip;WAV_Groningen_1.zip;WAV_London_1.zip;WAV_London_2.zip;WAV_London_3.zip;WAV_London_4.zip;WAV_Venice_1.zip,,missing_source_asset,missing_source_asset,MOSAIQ clip is in the archive location scope but no WAV candidate exists.
isd_audio_missing_7eaf8b35f7185616,ISD_MarchmontGarden_MarchmontGarden3_MC315,dev,WAV_Granada_1.zip;WAV_Groningen_1.zip;WAV_London_1.zip;WAV_London_2.zip;WAV_London_3.zip;WAV_London_4.zip;WAV_Venice_1.zip,,missing_source_asset,missing_source_asset,MOSAIQ clip is in the archive location scope but no WAV candidate exists.
isd_audio_missing_c4becd577d08982d,ISD_MarchmontGarden_MarchmontGarden3_MC322,dev,WAV_Granada_1.zip;WAV_Groningen_1.zip;WAV_London_1.zip;WAV_London_2.zip;WAV_London_3.zip;WAV_London_4.zip;WAV_Venice_1.zip,,missing_source_asset,missing_source_asset,MOSAIQ clip is in the archive location scope but no WAV candidate exists.
isd_audio_missing_6576f200d87083c4,ISD_MarchmontGarden_MarchmontGarden3_MC327,dev,WAV_Granada_1.zip;WAV_Groningen_1.zip;WAV_London_1.zip;WAV_London_2.zip;WAV_London_3.zip;WAV_London_4.zip;WAV_Venice_1.zip,,missing_source_asset,missing_source_asset,MOSAIQ clip is in the archive location scope but no WAV candidate exists.
isd_audio_missing_22c854aa7765e51d,ISD_MarchmontGarden_MarchmontGarden4_MC403,dev,WAV_Granada_1.zip;WAV_Groningen_1.zip;WAV_London_1.zip;WAV_London_2.zip;WAV_London_3.zip;WAV_London_4.zip;WAV_Venice_1.zip,,missing_source_asset,missing_source_asset,MOSAIQ clip is in the archive location scope but no WAV candidate exists.
isd_audio_missing_ec756d06ee66f9ea,ISD_MarchmontGarden_MarchmontGarden4_MC411,dev,WAV_Granada_1.zip;WAV_Groningen_1.zip;WAV_London_1.zip;WAV_London_2.zip;WAV_London_3.zip;WAV_London_4.zip;WAV_Venice_1.zip,,missing_source_asset,missing_source_asset,MOSAIQ clip is in the archive location scope but no WAV candidate exists.
isd_audio_missing_069f6ce4ef163ca0,ISD_MiradorSanNicolas_MiradorSanNicolas1_M19,test,WAV_Granada_1.zip;WAV_Groningen_1.zip;WAV_London_1.zip;WAV_London_2.zip;WAV_London_3.zip;WAV_London_4.zip;WAV_Venice_1.zip,,missing_source_asset,missing_source_asset,MOSAIQ clip is in the archive location scope but no WAV candidate exists.
isd_audio_missing_6f6d6a3433f1ae7d,ISD_MonumentoGaribaldi_MonumentoGaribaldi1_MG112,train,WAV_Granada_1.zip;WAV_Groningen_1.zip;WAV_London_1.zip;WAV_London_2.zip;WAV_London_3.zip;WAV_London_4.zip;WAV_Venice_1.zip,,missing_source_asset,missing_source_asset,MOSAIQ clip is in the archive location scope but no WAV candidate exists.
isd_audio_missing_8fd4dc1112f3603d,ISD_MonumentoGaribaldi_MonumentoGaribaldi1_MG113,train,WAV_Granada_1.zip;WAV_Groningen_1.zip;WAV_London_1.zip;WAV_London_2.zip;WAV_London_3.zip;WAV_London_4.zip;WAV_Venice_1.zip,,missing_source_asset,missing_source_asset,MOSAIQ clip is in the archive location scope but no WAV candidate exists.
isd_audio_missing_aef0b0c087e127df,ISD_MonumentoGaribaldi_MonumentoGaribaldi1_MG115,train,WAV_Granada_1.zip;WAV_Groningen_1.zip;WAV_London_1.zip;WAV_London_2.zip;WAV_London_3.zip;WAV_London_4.zip;WAV_Venice_1.zip,,missing_source_asset,missing_source_asset,MOSAIQ clip is in the archive location scope but no WAV candidate exists.
isd_audio_missing_d645833be1106423,ISD_MonumentoGaribaldi_MonumentoGaribaldi1_MG117,train,WAV_Granada_1.zip;WAV_Groningen_1.zip;WAV_London_1.zip;WAV_London_2.zip;WAV_London_3.zip;WAV_London_4.zip;WAV_Venice_1.zip,,missing_source_asset,missing_source_asset,MOSAIQ clip is in the archive location scope but no WAV candidate exists.
isd_audio_missing_ecef6cb1d2552708,ISD_MonumentoGaribaldi_MonumentoGaribaldi1_MG120,train,WAV_Granada_1.zip;WAV_Groningen_1.zip;WAV_London_1.zip;WAV_London_2.zip;WAV_London_3.zip;WAV_London_4.zip;WAV_Venice_1.zip,,missing_source_asset,missing_source_asset,MOSAIQ clip is in the archive location scope but no WAV candidate exists.
isd_audio_missing_ac474d8c465e8a10,ISD_Noorderplantsoen_Noorderplantsoen1_NP103,test,WAV_Granada_1.zip;WAV_Groningen_1.zip;WAV_London_1.zip;WAV_London_2.zip;WAV_London_3.zip;WAV_London_4.zip;WAV_Venice_1.zip,,missing_source_asset,missing_source_asset,MOSAIQ clip is in the archive location scope but no WAV candidate exists.
isd_audio_missing_69ca9ef99973cd8a,ISD_Noorderplantsoen_Noorderplantsoen1_NP115,test,WAV_Granada_1.zip;WAV_Groningen_1.zip;WAV_London_1.zip;WAV_London_2.zip;WAV_London_3.zip;WAV_London_4.zip;WAV_Venice_1.zip,,missing_source_asset,missing_source_asset,MOSAIQ clip is in the archive location scope but no WAV candidate exists.
isd_audio_missing_2cb2718b5811465a,ISD_Noorderplantsoen_Noorderplantsoen1_NP121,test,WAV_Granada_1.zip;WAV_Groningen_1.zip;WAV_London_1.zip;WAV_London_2.zip;WAV_London_3.zip;WAV_London_4.zip;WAV_Venice_1.zip,,missing_source_asset,missing_source_asset,MOSAIQ clip is in the archive location scope but no WAV candidate exists.
isd_audio_missing_7cb658c91c876a19,ISD_Noorderplantsoen_Noorderplantsoen1_NP122,test,WAV_Granada_1.zip;WAV_Groningen_1.zip;WAV_London_1.zip;WAV_London_2.zip;WAV_London_3.zip;WAV_London_4.zip;WAV_Venice_1.zip,,missing_source_asset,missing_source_asset,MOSAIQ clip is in the archive location scope but no WAV candidate exists.
isd_audio_missing_2bf67300ca9d178c,ISD_Noorderplantsoen_Noorderplantsoen1_NP130,test,WAV_Granada_1.zip;WAV_Groningen_1.zip;WAV_London_1.zip;WAV_London_2.zip;WAV_London_3.zip;WAV_London_4.zip;WAV_Venice_1.zip,,missing_source_asset,missing_source_asset,MOSAIQ clip is in the archive location scope but no WAV candidate exists.
isd_audio_missing_acbd9ca18c2b08d3,ISD_Noorderplantsoen_Noorderplantsoen1_NP145,test,WAV_Granada_1.zip;WAV_Groningen_1.zip;WAV_London_1.zip;WAV_London_2.zip;WAV_London_3.zip;WAV_London_4.zip;WAV_Venice_1.zip,,missing_source_asset,missing_source_asset,MOSAIQ clip is in the archive location scope but no WAV candidate exists.
isd_audio_missing_0dd0c268281e482e,ISD_Noorderplantsoen_Noorderplantsoen1_NP159,test,WAV_Granada_1.zip;WAV_Groningen_1.zip;WAV_London_1.zip;WAV_London_2.zip;WAV_London_3.zip;WAV_London_4.zip;WAV_Venice_1.zip,,missing_source_asset,missing_source_asset,MOSAIQ clip is in the archive location scope but no WAV candidate exists.
isd_audio_missing_1242dfcea9d5d738,ISD_Noorderplantsoen_Noorderplantsoen1_NP162,test,WAV_Granada_1.zip;WAV_Groningen_1.zip;WAV_London_1.zip;WAV_London_2.zip;WAV_London_3.zip;WAV_London_4.zip;WAV_Venice_1.zip,,missing_source_asset,missing_source_asset,MOSAIQ clip is in the archive location scope but no WAV candidate exists.
isd_audio_missing_176f40ccae9a68de,ISD_PancrasLock_PancrasLock1_PL104,dev,WAV_Granada_1.zip;WAV_Groningen_1.zip;WAV_London_1.zip;WAV_London_2.zip;WAV_London_3.zip;WAV_London_4.zip;WAV_Venice_1.zip,,missing_source_asset,missing_source_asset,MOSAIQ clip is in the archive location scope but no WAV candidate exists.
isd_audio_missing_0762148e81bef58b,ISD_PancrasLock_PancrasLock1_PL110,dev,WAV_Granada_1.zip;WAV_Groningen_1.zip;WAV_London_1.zip;WAV_London_2.zip;WAV_London_3.zip;WAV_London_4.zip;WAV_Venice_1.zip,,missing_source_asset,missing_source_asset,MOSAIQ clip is in the archive location scope but no WAV candidate exists.
isd_audio_missing_a1c952c82c9b1d08,ISD_PancrasLock_PancrasLock1_PL113,dev,WAV_Granada_1.zip;WAV_Groningen_1.zip;WAV_London_1.zip;WAV_London_2.zip;WAV_London_3.zip;WAV_London_4.zip;WAV_Venice_1.zip,,missing_source_asset,missing_source_asset,MOSAIQ clip is in the archive location scope but no WAV candidate exists.
isd_audio_missing_a99eb7da9e8bcb51,ISD_PancrasLock_PancrasLock1_PL115,dev,WAV_Granada_1.zip;WAV_Groningen_1.zip;WAV_London_1.zip;WAV_London_2.zip;WAV_London_3.zip;WAV_London_4.zip;WAV_Venice_1.zip,,missing_source_asset,missing_source_asset,MOSAIQ clip is in the archive location scope but no WAV candidate exists.
isd_audio_missing_0fa6a63c795d67b8,ISD_PancrasLock_PancrasLock1_PL117,dev,WAV_Granada_1.zip;WAV_Groningen_1.zip;WAV_London_1.zip;WAV_London_2.zip;WAV_London_3.zip;WAV_London_4.zip;WAV_Venice_1.zip,,missing_source_asset,missing_source_asset,MOSAIQ clip is in the archive location scope but no WAV candidate exists.
isd_audio_missing_e7c660022f5052a1,ISD_PancrasLock_PancrasLock1_PL118,dev,WAV_Granada_1.zip;WAV_Groningen_1.zip;WAV_London_1.zip;WAV_London_2.zip;WAV_London_3.zip;WAV_London_4.zip;WAV_Venice_1.zip,,missing_source_asset,missing_source_asset,MOSAIQ clip is in the archive location scope but no WAV candidate exists.
isd_audio_missing_807c894065d50630,ISD_PancrasLock_PancrasLock2_PL207,dev,WAV_Granada_1.zip;WAV_Groningen_1.zip;WAV_London_1.zip;WAV_London_2.zip;WAV_London_3.zip;WAV_London_4.zip;WAV_Venice_1.zip,,missing_source_asset,missing_source_asset,MOSAIQ clip is in the archive location scope but no WAV candidate exists.
isd_audio_missing_2f6593561be948b2,ISD_PancrasLock_PancrasLock2_PL212,dev,WAV_Granada_1.zip;WAV_Groningen_1.zip;WAV_London_1.zip;WAV_London_2.zip;WAV_London_3.zip;WAV_London_4.zip;WAV_Venice_1.zip,,missing_source_asset,missing_source_asset,MOSAIQ clip is in the archive location scope but no WAV candidate exists.
isd_audio_missing_4b876be0bc59ab6b,ISD_PancrasLock_PancrasLock2_PL225,dev,WAV_Granada_1.zip;WAV_Groningen_1.zip;WAV_London_1.zip;WAV_London_2.zip;WAV_London_3.zip;WAV_London_4.zip;WAV_Venice_1.zip,,missing_source_asset,missing_source_asset,MOSAIQ clip is in the archive location scope but no WAV candidate exists.
isd_audio_missing_13ad8e5a80e1a34e,ISD_PancrasLock_PancrasLock2_PL226,dev,WAV_Granada_1.zip;WAV_Groningen_1.zip;WAV_London_1.zip;WAV_London_2.zip;WAV_London_3.zip;WAV_London_4.zip;WAV_Venice_1.zip,,missing_source_asset,missing_source_asset,MOSAIQ clip is in the archive location scope but no WAV candidate exists.
isd_audio_missing_391a353b90888f2f,ISD_PancrasLock_PancrasLock2_PL229,dev,WAV_Granada_1.zip;WAV_Groningen_1.zip;WAV_London_1.zip;WAV_London_2.zip;WAV_London_3.zip;WAV_London_4.zip;WAV_Venice_1.zip,,missing_source_asset,missing_source_asset,MOSAIQ clip is in the archive location scope but no WAV candidate exists.
isd_audio_missing_6d7f1a5ca4b1c6b5,ISD_PancrasLock_PancrasLock2_PL232,dev,WAV_Granada_1.zip;WAV_Groningen_1.zip;WAV_London_1.zip;WAV_London_2.zip;WAV_London_3.zip;WAV_London_4.zip;WAV_Venice_1.zip,,missing_source_asset,missing_source_asset,MOSAIQ clip is in the archive location scope but no WAV candidate exists.
isd_audio_missing_957b25f484b539f4,ISD_PancrasLock_PancrasLock2_PL233,dev,WAV_Granada_1.zip;WAV_Groningen_1.zip;WAV_London_1.zip;WAV_London_2.zip;WAV_London_3.zip;WAV_London_4.zip;WAV_Venice_1.zip,,missing_source_asset,missing_source_asset,MOSAIQ clip is in the archive location scope but no WAV candidate exists.
isd_audio_missing_ead67a886ec7a384,ISD_PancrasLock_PancrasLock2_PL299,dev,WAV_Granada_1.zip;WAV_Groningen_1.zip;WAV_London_1.zip;WAV_London_2.zip;WAV_London_3.zip;WAV_London_4.zip;WAV_Venice_1.zip,,missing_source_asset,missing_source_asset,MOSAIQ clip is in the archive location scope but no WAV candidate exists.
isd_audio_missing_590cbfbcf2df4dbd,ISD_PlazaBibRambla_PlazaBibRambla1_BIB7,test,WAV_Granada_1.zip;WAV_Groningen_1.zip;WAV_London_1.zip;WAV_London_2.zip;WAV_London_3.zip;WAV_London_4.zip;WAV_Venice_1.zip,,missing_source_asset,missing_source_asset,MOSAIQ clip is in the archive location scope but no WAV candidate exists.
isd_audio_missing_0559b3afb05e5bb1,ISD_RegentsParkFields_RegentsParkFields1_RF107,train,WAV_Granada_1.zip;WAV_Groningen_1.zip;WAV_London_1.zip;WAV_London_2.zip;WAV_London_3.zip;WAV_London_4.zip;WAV_Venice_1.zip,,missing_source_asset,missing_source_asset,MOSAIQ clip is in the archive location scope but no WAV candidate exists.
isd_audio_missing_5761eaaad05698a4,ISD_RegentsParkFields_RegentsParkFields1_RF119,train,WAV_Granada_1.zip;WAV_Groningen_1.zip;WAV_London_1.zip;WAV_London_2.zip;WAV_London_3.zip;WAV_London_4.zip;WAV_Venice_1.zip,,missing_source_asset,missing_source_asset,MOSAIQ clip is in the archive location scope but no WAV candidate exists.
isd_audio_missing_327646344d43550b,ISD_RegentsParkFields_RegentsParkFields1_RF123,train,WAV_Granada_1.zip;WAV_Groningen_1.zip;WAV_London_1.zip;WAV_London_2.zip;WAV_London_3.zip;WAV_London_4.zip;WAV_Venice_1.zip,,missing_source_asset,missing_source_asset,MOSAIQ clip is in the archive location scope but no WAV candidate exists.
isd_audio_missing_437ad0f7895b0326,ISD_RegentsParkFields_RegentsParkFields1_RF135,train,WAV_Granada_1.zip;WAV_Groningen_1.zip;WAV_London_1.zip;WAV_London_2.zip;WAV_London_3.zip;WAV_London_4.zip;WAV_Venice_1.zip,,missing_source_asset,missing_source_asset,MOSAIQ clip is in the archive location scope but no WAV candidate exists.
isd_audio_missing_a260fbbe924339db,ISD_RegentsParkFields_RegentsParkFields1_RF142,train,WAV_Granada_1.zip;WAV_Groningen_1.zip;WAV_London_1.zip;WAV_London_2.zip;WAV_London_3.zip;WAV_London_4.zip;WAV_Venice_1.zip,,missing_source_asset,missing_source_asset,MOSAIQ clip is in the archive location scope but no WAV candidate exists.
isd_audio_missing_287957bb3abd8834,ISD_RegentsParkFields_RegentsParkFields2_RF202,train,WAV_Granada_1.zip;WAV_Groningen_1.zip;WAV_London_1.zip;WAV_London_2.zip;WAV_London_3.zip;WAV_London_4.zip;WAV_Venice_1.zip,,missing_source_asset,missing_source_asset,MOSAIQ clip is in the archive location scope but no WAV candidate exists.
isd_audio_missing_4ee2b7c768a79e84,ISD_RegentsParkFields_RegentsParkFields2_RF222,train,WAV_Granada_1.zip;WAV_Groningen_1.zip;WAV_London_1.zip;WAV_London_2.zip;WAV_London_3.zip;WAV_London_4.zip;WAV_Venice_1.zip,,missing_source_asset,missing_source_asset,MOSAIQ clip is in the archive location scope but no WAV candidate exists.
isd_audio_missing_101955474b6868fb,ISD_RegentsParkFields_RegentsParkFields2_RF222 ,excluded,WAV_Granada_1.zip;WAV_Groningen_1.zip;WAV_London_1.zip;WAV_London_2.zip;WAV_London_3.zip;WAV_London_4.zip;WAV_Venice_1.zip,,missing_source_asset,missing_source_asset,MOSAIQ clip is in the archive location scope but no WAV candidate exists.
isd_audio_missing_8ff1374095153564,ISD_RegentsParkJapan_RegentsParkJapan1_RP101,train,WAV_Granada_1.zip;WAV_Groningen_1.zip;WAV_London_1.zip;WAV_London_2.zip;WAV_London_3.zip;WAV_London_4.zip;WAV_Venice_1.zip,,missing_source_asset,missing_source_asset,MOSAIQ clip is in the archive location scope but no WAV candidate exists.
isd_audio_missing_b93073f1bf50b1ca,ISD_RegentsParkJapan_RegentsParkJapan1_RP107,train,WAV_Granada_1.zip;WAV_Groningen_1.zip;WAV_London_1.zip;WAV_London_2.zip;WAV_London_3.zip;WAV_London_4.zip;WAV_Venice_1.zip,,missing_source_asset,missing_source_asset,MOSAIQ clip is in the archive location scope but no WAV candidate exists.
isd_audio_missing_54f8434d44c2db99,ISD_RegentsParkJapan_RegentsParkJapan1_RP111,train,WAV_Granada_1.zip;WAV_Groningen_1.zip;WAV_London_1.zip;WAV_London_2.zip;WAV_London_3.zip;WAV_London_4.zip;WAV_Venice_1.zip,,missing_source_asset,missing_source_asset,MOSAIQ clip is in the archive location scope but no WAV candidate exists.
isd_audio_missing_58dde053cb7056fb,ISD_RegentsParkJapan_RegentsParkJapan1_RP112,train,WAV_Granada_1.zip;WAV_Groningen_1.zip;WAV_London_1.zip;WAV_London_2.zip;WAV_London_3.zip;WAV_London_4.zip;WAV_Venice_1.zip,,missing_source_asset,missing_source_asset,MOSAIQ clip is in the archive location scope but no WAV candidate exists.
isd_audio_missing_1262a584fd7f97fa,ISD_RegentsParkJapan_RegentsParkJapan2_RP202,train,WAV_Granada_1.zip;WAV_Groningen_1.zip;WAV_London_1.zip;WAV_London_2.zip;WAV_London_3.zip;WAV_London_4.zip;WAV_Venice_1.zip,,missing_source_asset,missing_source_asset,MOSAIQ clip is in the archive location scope but no WAV candidate exists.
isd_audio_missing_3b9c0994159cca24,ISD_RegentsParkJapan_RegentsParkJapan2_RP205,train,WAV_Granada_1.zip;WAV_Groningen_1.zip;WAV_London_1.zip;WAV_London_2.zip;WAV_London_3.zip;WAV_London_4.zip;WAV_Venice_1.zip,,missing_source_asset,missing_source_asset,MOSAIQ clip is in the archive location scope but no WAV candidate exists.
isd_audio_missing_70d4f3e7585d88e9,ISD_RegentsParkJapan_RegentsParkJapan2_RP216,train,WAV_Granada_1.zip;WAV_Groningen_1.zip;WAV_London_1.zip;WAV_London_2.zip;WAV_London_3.zip;WAV_London_4.zip;WAV_Venice_1.zip,,missing_source_asset,missing_source_asset,MOSAIQ clip is in the archive location scope but no WAV candidate exists.
isd_audio_missing_e66fff9319126f69,ISD_RegentsParkJapan_RegentsParkJapan2_RP222,train,WAV_Granada_1.zip;WAV_Groningen_1.zip;WAV_London_1.zip;WAV_London_2.zip;WAV_London_3.zip;WAV_London_4.zip;WAV_Venice_1.zip,,missing_source_asset,missing_source_asset,MOSAIQ clip is in the archive location scope but no WAV candidate exists.
isd_audio_missing_b5b64a07901ef38e,ISD_RegentsParkJapan_RegentsParkJapan2_RP225,train,WAV_Granada_1.zip;WAV_Groningen_1.zip;WAV_London_1.zip;WAV_London_2.zip;WAV_London_3.zip;WAV_London_4.zip;WAV_Venice_1.zip,,missing_source_asset,missing_source_asset,MOSAIQ clip is in the archive location scope but no WAV candidate exists.
isd_audio_missing_43aea1d0784b55c3,ISD_RegentsParkJapan_RegentsParkJapan2_RP231,train,WAV_Granada_1.zip;WAV_Groningen_1.zip;WAV_London_1.zip;WAV_London_2.zip;WAV_London_3.zip;WAV_London_4.zip;WAV_Venice_1.zip,,missing_source_asset,missing_source_asset,MOSAIQ clip is in the archive location scope but no WAV candidate exists.
isd_audio_missing_2972c7f7a4ed49a3,ISD_RussellSq_RussellSq3_RS307,train,WAV_Granada_1.zip;WAV_Groningen_1.zip;WAV_London_1.zip;WAV_London_2.zip;WAV_London_3.zip;WAV_London_4.zip;WAV_Venice_1.zip,,missing_source_asset,missing_source_asset,MOSAIQ clip is in the archive location scope but no WAV candidate exists.
isd_audio_missing_83c374a07178a767,ISD_RussellSq_RussellSq3_RS316,train,WAV_Granada_1.zip;WAV_Groningen_1.zip;WAV_London_1.zip;WAV_London_2.zip;WAV_London_3.zip;WAV_London_4.zip;WAV_Venice_1.zip,,missing_source_asset,missing_source_asset,MOSAIQ clip is in the archive location scope but no WAV candidate exists.
isd_audio_missing_eb1f75caae5719be,ISD_SanMarco_SanMarco1_AM01,test,WAV_Granada_1.zip;WAV_Groningen_1.zip;WAV_London_1.zip;WAV_London_2.zip;WAV_London_3.zip;WAV_London_4.zip;WAV_Venice_1.zip,,missing_source_asset,missing_source_asset,MOSAIQ clip is in the archive location scope but no WAV candidate exists.
isd_audio_missing_3cfe09d7a020ef8f,ISD_SanMarco_SanMarco1_AM03,test,WAV_Granada_1.zip;WAV_Groningen_1.zip;WAV_London_1.zip;WAV_London_2.zip;WAV_London_3.zip;WAV_London_4.zip;WAV_Venice_1.zip,,missing_source_asset,missing_source_asset,MOSAIQ clip is in the archive location scope but no WAV candidate exists.
isd_audio_missing_1d53dad69f428193,ISD_SanMarco_SanMarco1_AM05,test,WAV_Granada_1.zip;WAV_Groningen_1.zip;WAV_London_1.zip;WAV_London_2.zip;WAV_London_3.zip;WAV_London_4.zip;WAV_Venice_1.zip,,missing_source_asset,missing_source_asset,MOSAIQ clip is in the archive location scope but no WAV candidate exists.
isd_audio_missing_8b9d76da662adfef,ISD_SanMarco_SanMarco1_RES,test,WAV_Granada_1.zip;WAV_Groningen_1.zip;WAV_London_1.zip;WAV_London_2.zip;WAV_London_3.zip;WAV_London_4.zip;WAV_Venice_1.zip,,missing_source_asset,missing_source_asset,MOSAIQ clip is in the archive location scope but no WAV candidate exists.
isd_audio_missing_ff3f623258141f38,ISD_SanMarco_SanMarco2_ML201,test,WAV_Granada_1.zip;WAV_Groningen_1.zip;WAV_London_1.zip;WAV_London_2.zip;WAV_London_3.zip;WAV_London_4.zip;WAV_Venice_1.zip,,missing_source_asset,missing_source_asset,MOSAIQ clip is in the archive location scope but no WAV candidate exists.
isd_audio_missing_c0205cf93b1dc078,ISD_StPaulsCross_StPaulsCross1_SC132,train,WAV_Granada_1.zip;WAV_Groningen_1.zip;WAV_London_1.zip;WAV_London_2.zip;WAV_London_3.zip;WAV_London_4.zip;WAV_Venice_1.zip,,missing_source_asset,missing_source_asset,MOSAIQ clip is in the archive location scope but no WAV candidate exists.
isd_audio_missing_bd5069449aca5e2e,ISD_StPaulsCross_StPaulsCross1_SC133,train,WAV_Granada_1.zip;WAV_Groningen_1.zip;WAV_London_1.zip;WAV_London_2.zip;WAV_London_3.zip;WAV_London_4.zip;WAV_Venice_1.zip,,missing_source_asset,missing_source_asset,MOSAIQ clip is in the archive location scope but no WAV candidate exists.
isd_audio_missing_63f3b82114b7b396,ISD_StPaulsCross_StPaulsCross1_SC145,train,WAV_Granada_1.zip;WAV_Groningen_1.zip;WAV_London_1.zip;WAV_London_2.zip;WAV_London_3.zip;WAV_London_4.zip;WAV_Venice_1.zip,,missing_source_asset,missing_source_asset,MOSAIQ clip is in the archive location scope but no WAV candidate exists.
isd_audio_missing_7eaeea443dfa7fac,ISD_StPaulsRow_StPaulsRow1_SR102,train,WAV_Granada_1.zip;WAV_Groningen_1.zip;WAV_London_1.zip;WAV_London_2.zip;WAV_London_3.zip;WAV_London_4.zip;WAV_Venice_1.zip,,missing_source_asset,missing_source_asset,MOSAIQ clip is in the archive location scope but no WAV candidate exists.
isd_audio_missing_a149af4c8c193a7b,ISD_StPaulsRow_StPaulsRow1_SR104,train,WAV_Granada_1.zip;WAV_Groningen_1.zip;WAV_London_1.zip;WAV_London_2.zip;WAV_London_3.zip;WAV_London_4.zip;WAV_Venice_1.zip,,missing_source_asset,missing_source_asset,MOSAIQ clip is in the archive location scope but no WAV candidate exists.
isd_audio_missing_84cf01142d2657a7,ISD_StPaulsRow_StPaulsRow1_SR106,train,WAV_Granada_1.zip;WAV_Groningen_1.zip;WAV_London_1.zip;WAV_London_2.zip;WAV_London_3.zip;WAV_London_4.zip;WAV_Venice_1.zip,,missing_source_asset,missing_source_asset,MOSAIQ clip is in the archive location scope but no WAV candidate exists.
isd_audio_missing_06ebff08e6dc9d78,ISD_StPaulsRow_StPaulsRow1_SR122,train,WAV_Granada_1.zip;WAV_Groningen_1.zip;WAV_London_1.zip;WAV_London_2.zip;WAV_London_3.zip;WAV_London_4.zip;WAV_Venice_1.zip,,missing_source_asset,missing_source_asset,MOSAIQ clip is in the archive location scope but no WAV candidate exists.
isd_audio_missing_12250b0daa4736ab,ISD_StPaulsRow_StPaulsRow1_SR127,train,WAV_Granada_1.zip;WAV_Groningen_1.zip;WAV_London_1.zip;WAV_London_2.zip;WAV_London_3.zip;WAV_London_4.zip;WAV_Venice_1.zip,,missing_source_asset,missing_source_asset,MOSAIQ clip is in the archive location scope but no WAV candidate exists.
isd_audio_missing_331b682cade2175f,ISD_StPaulsRow_StPaulsRow1_SR135,train,WAV_Granada_1.zip;WAV_Groningen_1.zip;WAV_London_1.zip;WAV_London_2.zip;WAV_London_3.zip;WAV_London_4.zip;WAV_Venice_1.zip,,missing_source_asset,missing_source_asset,MOSAIQ clip is in the archive location scope but no WAV candidate exists.
isd_audio_missing_e56f88507e193101,ISD_StPaulsRow_StPaulsRow1_SR136,train,WAV_Granada_1.zip;WAV_Groningen_1.zip;WAV_London_1.zip;WAV_London_2.zip;WAV_London_3.zip;WAV_London_4.zip;WAV_Venice_1.zip,,missing_source_asset,missing_source_asset,MOSAIQ clip is in the archive location scope but no WAV candidate exists.
isd_audio_missing_b4cf4ef554c875b8,ISD_StPaulsRow_StPaulsRow1_SR138,train,WAV_Granada_1.zip;WAV_Groningen_1.zip;WAV_London_1.zip;WAV_London_2.zip;WAV_London_3.zip;WAV_London_4.zip;WAV_Venice_1.zip,,missing_source_asset,missing_source_asset,MOSAIQ clip is in the archive location scope but no WAV candidate exists.
isd_audio_missing_22d3a397f19eb615,ISD_StPaulsRow_StPaulsRow1_SR141,train,WAV_Granada_1.zip;WAV_Groningen_1.zip;WAV_London_1.zip;WAV_London_2.zip;WAV_London_3.zip;WAV_London_4.zip;WAV_Venice_1.zip,,missing_source_asset,missing_source_asset,MOSAIQ clip is in the archive location scope but no WAV candidate exists.
isd_audio_missing_915113e86eb3ece6,ISD_StPaulsRow_StPaulsRow1_SR142,train,WAV_Granada_1.zip;WAV_Groningen_1.zip;WAV_London_1.zip;WAV_London_2.zip;WAV_London_3.zip;WAV_London_4.zip;WAV_Venice_1.zip,,missing_source_asset,missing_source_asset,MOSAIQ clip is in the archive location scope but no WAV candidate exists.
isd_audio_missing_5afc9178c62812e1,ISD_StPaulsRow_StPaulsRow1_SR143,train,WAV_Granada_1.zip;WAV_Groningen_1.zip;WAV_London_1.zip;WAV_London_2.zip;WAV_London_3.zip;WAV_London_4.zip;WAV_Venice_1.zip,,missing_source_asset,missing_source_asset,MOSAIQ clip is in the archive location scope but no WAV candidate exists.
isd_audio_missing_5ae9df8013b8307b,ISD_TateModern_TateModern1_MT102,train,WAV_Granada_1.zip;WAV_Groningen_1.zip;WAV_London_1.zip;WAV_London_2.zip;WAV_London_3.zip;WAV_London_4.zip;WAV_Venice_1.zip,,missing_source_asset,missing_source_asset,MOSAIQ clip is in the archive location scope but no WAV candidate exists.
isd_audio_missing_f85f0aad34d5028a,ISD_TateModern_TateModern1_TM114,train,WAV_Granada_1.zip;WAV_Groningen_1.zip;WAV_London_1.zip;WAV_London_2.zip;WAV_London_3.zip;WAV_London_4.zip;WAV_Venice_1.zip,,missing_source_asset,missing_source_asset,MOSAIQ clip is in the archive location scope but no WAV candidate exists.
isd_audio_missing_b6016cc3c833d29f,ISD_TateModern_TateModern1_TM125,train,WAV_Granada_1.zip;WAV_Groningen_1.zip;WAV_London_1.zip;WAV_London_2.zip;WAV_London_3.zip;WAV_London_4.zip;WAV_Venice_1.zip,,missing_source_asset,missing_source_asset,MOSAIQ clip is in the archive location scope but no WAV candidate exists.
isd_audio_missing_4380531df7da79b5,ISD_TateModern_TateModern1_TM131,train,WAV_Granada_1.zip;WAV_Groningen_1.zip;WAV_London_1.zip;WAV_London_2.zip;WAV_London_3.zip;WAV_London_4.zip;WAV_Venice_1.zip,,missing_source_asset,missing_source_asset,MOSAIQ clip is in the archive location scope but no WAV candidate exists.
isd_audio_missing_3427aa0867a7781d,ISD_TateModern_TateModern1_TM132,train,WAV_Granada_1.zip;WAV_Groningen_1.zip;WAV_London_1.zip;WAV_London_2.zip;WAV_London_3.zip;WAV_London_4.zip;WAV_Venice_1.zip,,missing_source_asset,missing_source_asset,MOSAIQ clip is in the archive location scope but no WAV candidate exists.
isd_audio_missing_639e12aa0545ddf0,ISD_TateModern_TateModern2_TM210,train,WAV_Granada_1.zip;WAV_Groningen_1.zip;WAV_London_1.zip;WAV_London_2.zip;WAV_London_3.zip;WAV_London_4.zip;WAV_Venice_1.zip,,missing_source_asset,missing_source_asset,MOSAIQ clip is in the archive location scope but no WAV candidate exists.
isd_audio_missing_b924f076a42d70ed,ISD_TateModern_TateModern2_TM224,train,WAV_Granada_1.zip;WAV_Groningen_1.zip;WAV_London_1.zip;WAV_London_2.zip;WAV_London_3.zip;WAV_London_4.zip;WAV_Venice_1.zip,,missing_source_asset,missing_source_asset,MOSAIQ clip is in the archive location scope but no WAV candidate exists.
isd_audio_missing_f98529d31bc0dfbf,ISD_TateModern_TateModern2_TM225,train,WAV_Granada_1.zip;WAV_Groningen_1.zip;WAV_London_1.zip;WAV_London_2.zip;WAV_London_3.zip;WAV_London_4.zip;WAV_Venice_1.zip,,missing_source_asset,missing_source_asset,MOSAIQ clip is in the archive location scope but no WAV candidate exists.
isd_audio_missing_9e2377f41f64e42a,ISD_TateModern_TateModern2_TM227,train,WAV_Granada_1.zip;WAV_Groningen_1.zip;WAV_London_1.zip;WAV_London_2.zip;WAV_London_3.zip;WAV_London_4.zip;WAV_Venice_1.zip,,missing_source_asset,missing_source_asset,MOSAIQ clip is in the archive location scope but no WAV candidate exists.
isd_audio_missing_886132e3872fa460,ISD_TateModern_TateModern2_TM228,train,WAV_Granada_1.zip;WAV_Groningen_1.zip;WAV_London_1.zip;WAV_London_2.zip;WAV_London_3.zip;WAV_London_4.zip;WAV_Venice_1.zip,,missing_source_asset,missing_source_asset,MOSAIQ clip is in the archive location scope but no WAV candidate exists.
isd_audio_missing_666f086a461e1e2c,ISD_TateModern_TateModern3_TM302,train,WAV_Granada_1.zip;WAV_Groningen_1.zip;WAV_London_1.zip;WAV_London_2.zip;WAV_London_3.zip;WAV_London_4.zip;WAV_Venice_1.zip,,missing_source_asset,missing_source_asset,MOSAIQ clip is in the archive location scope but no WAV candidate exists.
isd_audio_missing_110f9058050b43ff,ISD_TateModern_TateModern3_TM305,train,WAV_Granada_1.zip;WAV_Groningen_1.zip;WAV_London_1.zip;WAV_London_2.zip;WAV_London_3.zip;WAV_London_4.zip;WAV_Venice_1.zip,,missing_source_asset,missing_source_asset,MOSAIQ clip is in the archive location scope but no WAV candidate exists.
isd_audio_missing_7ae39071b000d915,ISD_TateModern_TateModern3_TM313,train,WAV_Granada_1.zip;WAV_Groningen_1.zip;WAV_London_1.zip;WAV_London_2.zip;WAV_London_3.zip;WAV_London_4.zip;WAV_Venice_1.zip,,missing_source_asset,missing_source_asset,MOSAIQ clip is in the archive location scope but no WAV candidate exists.
isd_audio_missing_401705e015fe76a6,ISD_TateModern_TateModern3_TM314,train,WAV_Granada_1.zip;WAV_Groningen_1.zip;WAV_London_1.zip;WAV_London_2.zip;WAV_London_3.zip;WAV_London_4.zip;WAV_Venice_1.zip,,missing_source_asset,missing_source_asset,MOSAIQ clip is in the archive location scope but no WAV candidate exists.
isd_audio_missing_3eca44908086bf29,ISD_TateModern_TateModern3_TM322,train,WAV_Granada_1.zip;WAV_Groningen_1.zip;WAV_London_1.zip;WAV_London_2.zip;WAV_London_3.zip;WAV_London_4.zip;WAV_Venice_1.zip,,missing_source_asset,missing_source_asset,MOSAIQ clip is in the archive location scope but no WAV candidate exists.
isd_audio_missing_f42117db8bec7048,ISD_TateModern_TateModern3_TM323,train,WAV_Granada_1.zip;WAV_Groningen_1.zip;WAV_London_1.zip;WAV_London_2.zip;WAV_London_3.zip;WAV_London_4.zip;WAV_Venice_1.zip,,missing_source_asset,missing_source_asset,MOSAIQ clip is in the archive location scope but no WAV candidate exists.
isd_audio_missing_f3386c5b8eb1d8ab,ISD_TateModern_TateModern3_TM324,train,WAV_Granada_1.zip;WAV_Groningen_1.zip;WAV_London_1.zip;WAV_London_2.zip;WAV_London_3.zip;WAV_London_4.zip;WAV_Venice_1.zip,,missing_source_asset,missing_source_asset,MOSAIQ clip is in the archive location scope but no WAV candidate exists.
isd_audio_missing_90ff755080559fe1,ISD_TateModern_TateModern3_TN327,train,WAV_Granada_1.zip;WAV_Groningen_1.zip;WAV_London_1.zip;WAV_London_2.zip;WAV_London_3.zip;WAV_London_4.zip;WAV_Venice_1.zip,,missing_source_asset,missing_source_asset,MOSAIQ clip is in the archive location scope but no WAV candidate exists.
isd_audio_missing_da0534ec04b38f77,ISD_TorringtonSq_TorringtonSq2_RES,train,WAV_Granada_1.zip;WAV_Groningen_1.zip;WAV_London_1.zip;WAV_London_2.zip;WAV_London_3.zip;WAV_London_4.zip;WAV_Venice_1.zip,,missing_source_asset,missing_source_asset,MOSAIQ clip is in the archive location scope but no WAV candidate exists.
isd_audio_missing_b9f9fe57a7181f9f,ISD_TorringtonSq_TorringtonSq2_TS201,train,WAV_Granada_1.zip;WAV_Groningen_1.zip;WAV_London_1.zip;WAV_London_2.zip;WAV_London_3.zip;WAV_London_4.zip;WAV_Venice_1.zip,,missing_source_asset,missing_source_asset,MOSAIQ clip is in the archive location scope but no WAV candidate exists.
isd_audio_missing_ea4f78e53b3251d6,ISD_TorringtonSq_TorringtonSq2_TS222,train,WAV_Granada_1.zip;WAV_Groningen_1.zip;WAV_London_1.zip;WAV_London_2.zip;WAV_London_3.zip;WAV_London_4.zip;WAV_Venice_1.zip,,missing_source_asset,missing_source_asset,MOSAIQ clip is in the archive location scope but no WAV candidate exists.
isd_audio_missing_58a7eb6b0df77fa4,ISD_TorringtonSq_TorringtonSq2_TS238,train,WAV_Granada_1.zip;WAV_Groningen_1.zip;WAV_London_1.zip;WAV_London_2.zip;WAV_London_3.zip;WAV_London_4.zip;WAV_Venice_1.zip,,missing_source_asset,missing_source_asset,MOSAIQ clip is in the archive location scope but no WAV candidate exists.
isd_audio_missing_b52f6f762c553342,ISD_TorringtonSq_TorringtonSq2_UNKNOWN,train,WAV_Granada_1.zip;WAV_Groningen_1.zip;WAV_London_1.zip;WAV_London_2.zip;WAV_London_3.zip;WAV_London_4.zip;WAV_Venice_1.zip,,missing_source_asset,missing_source_asset,MOSAIQ clip is in the archive location scope but no WAV candidate exists.
isd_audio_missing_91e2a7be7b75c859,ISD_TorringtonSq_TorringtonSq3_TS301,train,WAV_Granada_1.zip;WAV_Groningen_1.zip;WAV_London_1.zip;WAV_London_2.zip;WAV_London_3.zip;WAV_London_4.zip;WAV_Venice_1.zip,,missing_source_asset,missing_source_asset,MOSAIQ clip is in the archive location scope but no WAV candidate exists.
isd_audio_missing_7d19f28540cd5d4a,ISD_TorringtonSq_TorringtonSq3_UNKNOWN,train,WAV_Granada_1.zip;WAV_Groningen_1.zip;WAV_London_1.zip;WAV_London_2.zip;WAV_London_3.zip;WAV_London_4.zip;WAV_Venice_1.zip,,missing_source_asset,missing_source_asset,MOSAIQ clip is in the archive location scope but no WAV candidate exists.
isd_audio_missing_d2fbed4d7e3b89f9,ISD_TorringtonSq_TorringtonSq4_TS417,train,WAV_Granada_1.zip;WAV_Groningen_1.zip;WAV_London_1.zip;WAV_London_2.zip;WAV_London_3.zip;WAV_London_4.zip;WAV_Venice_1.zip,,missing_source_asset,missing_source_asset,MOSAIQ clip is in the archive location scope but no WAV candidate exists.
isd_audio_missing_33fe1a6ed90b1e05,ISD_TorringtonSq_TorringtonSq4_TS417 ,excluded,WAV_Granada_1.zip;WAV_Groningen_1.zip;WAV_London_1.zip;WAV_London_2.zip;WAV_London_3.zip;WAV_London_4.zip;WAV_Venice_1.zip,,missing_source_asset,missing_source_asset,MOSAIQ clip is in the archive location scope but no WAV candidate exists.
isd_audio_4d5b788db17808139837,,,WAV_Granada_1.zip,Grenada WAV Files/CampoPrincipe/CP2.wav,unmatched_source_asset,unmatched_source_asset,No MOSAIQ clip has this normalized GroupID.
isd_audio_a910da200abd492a79ee,,,WAV_Granada_1.zip,Grenada WAV Files/CarloV/2CV26.wav,unmatched_source_asset,unmatched_source_asset,No MOSAIQ clip has this normalized GroupID.
isd_audio_b40a2fd85f1115aa1848,,,WAV_Granada_1.zip,Grenada WAV Files/CarloV/CV213.wav,unmatched_source_asset,unmatched_source_asset,No MOSAIQ clip has this normalized GroupID.
isd_audio_16ce83695d96c894970b,,,WAV_Granada_1.zip,Grenada WAV Files/MiradorSanNicolas/M112.wav,unmatched_source_asset,unmatched_source_asset,No MOSAIQ clip has this normalized GroupID.
isd_audio_8aa1d127a5035dbc88b8,,,WAV_Granada_1.zip,Grenada WAV Files/MiradorSanNicolas/M14.wav,unmatched_source_asset,unmatched_source_asset,No MOSAIQ clip has this normalized GroupID.
isd_audio_ea2638380edc91051e0a,,,WAV_Granada_1.zip,Grenada WAV Files/MiradorSanNicolas/M15.wav,unmatched_source_asset,unmatched_source_asset,No MOSAIQ clip has this normalized GroupID.
isd_audio_f85d58cce17ffbf4ce45,,,WAV_Granada_1.zip,Grenada WAV Files/MiradorSanNicolas/M18.wav,unmatched_source_asset,unmatched_source_asset,No MOSAIQ clip has this normalized GroupID.
isd_audio_1a689fcafa8a2d1b9721,,,WAV_Granada_1.zip,Grenada WAV Files/MiradorSanNicolas/M211.wav,unmatched_source_asset,unmatched_source_asset,No MOSAIQ clip has this normalized GroupID.
isd_audio_eb7274d77e51e31dd619,,,WAV_Granada_1.zip,Grenada WAV Files/MiradorSanNicolas/M212.wav,unmatched_source_asset,unmatched_source_asset,No MOSAIQ clip has this normalized GroupID.
isd_audio_6c43a8eb7819303ff6d6,,,WAV_Granada_1.zip,Grenada WAV Files/MiradorSanNicolas/M213.wav,unmatched_source_asset,unmatched_source_asset,No MOSAIQ clip has this normalized GroupID.
isd_audio_b4544f6cefe253057569,,,WAV_Granada_1.zip,Grenada WAV Files/MiradorSanNicolas/M25.wav,unmatched_source_asset,unmatched_source_asset,No MOSAIQ clip has this normalized GroupID.
isd_audio_f0f57fda0f9a39075d18,,,WAV_Granada_1.zip,Grenada WAV Files/MiradorSanNicolas/M27.wav,unmatched_source_asset,unmatched_source_asset,No MOSAIQ clip has this normalized GroupID.
isd_audio_2294b870b83a53681934,,,WAV_Granada_1.zip,Grenada WAV Files/PlazaBibRambla/BIB2.wav,unmatched_source_asset,unmatched_source_asset,No MOSAIQ clip has this normalized GroupID.
isd_audio_f1349076c8ce47b26797,,,WAV_Granada_1.zip,Grenada WAV Files/PlazaBibRambla/BIB8.wav,unmatched_source_asset,unmatched_source_asset,No MOSAIQ clip has this normalized GroupID.
isd_audio_7905e5c29668a0e928e7,,,WAV_Venice_1.zip,Venice WAV Files/SanMarco/ML207.wav,unmatched_source_asset,unmatched_source_asset,No MOSAIQ clip has this normalized GroupID.
isd_audio_06d427e4c84643a32266,,,WAV_London_1.zip,WAV_London_1/CamdenTown/CT411.wav,unmatched_source_asset,unmatched_source_asset,No MOSAIQ clip has this normalized GroupID.
isd_audio_c14a6e1fc9ae8c133826,,,WAV_London_1.zip,WAV_London_1/EustonTap/ET102.wav,unmatched_source_asset,unmatched_source_asset,No MOSAIQ clip has this normalized GroupID.
isd_audio_49d65932872f50b392b1,,,WAV_London_1.zip,WAV_London_1/EustonTap/ET114.wav,unmatched_source_asset,unmatched_source_asset,No MOSAIQ clip has this normalized GroupID.
isd_audio_f6a7f3557b45d3302970,,,WAV_London_1.zip,WAV_London_1/EustonTap/ET204.wav,unmatched_source_asset,unmatched_source_asset,No MOSAIQ clip has this normalized GroupID.
isd_audio_a05137e7193be65073f2,,,WAV_London_1.zip,WAV_London_1/EustonTap/ET301.wav,unmatched_source_asset,unmatched_source_asset,No MOSAIQ clip has this normalized GroupID.
isd_audio_f28d67f29da9c32ee02e,,,WAV_London_1.zip,WAV_London_1/EustonTap/ET309.wav,unmatched_source_asset,unmatched_source_asset,No MOSAIQ clip has this normalized GroupID.
isd_audio_60c298f69dc09ee11f2d,,,WAV_London_1.zip,WAV_London_1/MarchmontGarden/MC109.wav,unmatched_source_asset,unmatched_source_asset,No MOSAIQ clip has this normalized GroupID.
isd_audio_c47e9457903f74805016,,,WAV_London_1.zip,WAV_London_1/MarchmontGarden/MC305.wav,unmatched_source_asset,unmatched_source_asset,No MOSAIQ clip has this normalized GroupID.
isd_audio_081cfc4308ef7a0bd611,,,WAV_London_2.zip,WAV_London_2/PancrasLock/PL204.wav,unmatched_source_asset,unmatched_source_asset,No MOSAIQ clip has this normalized GroupID.
isd_audio_160db22756d816f7f0ae,,,WAV_London_2.zip,WAV_London_2/PancrasLock/PL223.wav,unmatched_source_asset,unmatched_source_asset,No MOSAIQ clip has this normalized GroupID.
isd_audio_008c83e5bf2c284c85d4,,,WAV_London_2.zip,WAV_London_2/RegentsParkFields/RF226.wav,unmatched_source_asset,unmatched_source_asset,No MOSAIQ clip has this normalized GroupID.
isd_audio_facc9fdac6dccabe3c6b,,,WAV_London_2.zip,WAV_London_2/RegentsParkJapan/RP104.wav,unmatched_source_asset,unmatched_source_asset,No MOSAIQ clip has this normalized GroupID.
isd_audio_41bb80b6ce5fbd75c173,,,WAV_London_2.zip,WAV_London_2/RegentsParkJapan/RP115.wav,unmatched_source_asset,unmatched_source_asset,No MOSAIQ clip has this normalized GroupID.
isd_audio_9a1c7506ef9f31f28c7e,,,WAV_London_2.zip,WAV_London_2/RegentsParkJapan/RP119.wav,unmatched_source_asset,unmatched_source_asset,No MOSAIQ clip has this normalized GroupID.
isd_audio_a713fb1bc77355723d75,,,WAV_London_2.zip,WAV_London_2/RegentsParkJapan/RP134.wav,unmatched_source_asset,unmatched_source_asset,No MOSAIQ clip has this normalized GroupID.
isd_audio_bdbbc9a8907b33ce232a,,,WAV_London_2.zip,WAV_London_2/RegentsParkJapan/RP213.wav,unmatched_source_asset,unmatched_source_asset,No MOSAIQ clip has this normalized GroupID.
isd_audio_da4cb3366638bb9f422d,,,WAV_London_3.zip,WAV_London_3/RussellSq/RS109.wav,unmatched_source_asset,unmatched_source_asset,No MOSAIQ clip has this normalized GroupID.
isd_audio_fab4c315916a54d6e400,,,WAV_London_3.zip,WAV_London_3/RussellSq/RS217.wav,unmatched_source_asset,unmatched_source_asset,No MOSAIQ clip has this normalized GroupID.
isd_audio_448fbbd205e58dd24ad8,,,WAV_London_3.zip,WAV_London_3/StPaulsRow/SR109.wav,unmatched_source_asset,unmatched_source_asset,No MOSAIQ clip has this normalized GroupID.
isd_audio_691216079cdabcd8d504,,,WAV_London_3.zip,WAV_London_3/StPaulsRow/SR120.wav,unmatched_source_asset,unmatched_source_asset,No MOSAIQ clip has this normalized GroupID.
isd_audio_266c7fb011d61d8ee3df,,,WAV_London_3.zip,WAV_London_3/StPaulsRow/SR132.wav,unmatched_source_asset,unmatched_source_asset,No MOSAIQ clip has this normalized GroupID.
isd_audio_d12810a8a3e755d67b75,,,WAV_London_3.zip,WAV_London_3/StPaulsRow/ST104.wav,unmatched_source_asset,unmatched_source_asset,No MOSAIQ clip has this normalized GroupID.
isd_audio_ac9160dbb18fbc568f51,,,WAV_London_3.zip,WAV_London_3/StPaulsRow/ST106.wav,unmatched_source_asset,unmatched_source_asset,No MOSAIQ clip has this normalized GroupID.
isd_audio_be25e5b072d3da8adb56,,,WAV_London_4.zip,WAV_London_4/TateModern/TM105.wav,unmatched_source_asset,unmatched_source_asset,No MOSAIQ clip has this normalized GroupID.
isd_audio_4703dd1d7b0200ae6a39,,,WAV_London_4.zip,WAV_London_4/TorringtonSq/TS202.wav,unmatched_source_asset,unmatched_source_asset,No MOSAIQ clip has this normalized GroupID.
isd_audio_1061367f1317731d7a44,,,WAV_London_4.zip,WAV_London_4/TorringtonSq/TS204.wav,unmatched_source_asset,unmatched_source_asset,No MOSAIQ clip has this normalized GroupID.
isd_audio_339c6ae9f96b5ca3f2ec,,,WAV_London_4.zip,WAV_London_4/TorringtonSq/TS208.wav,unmatched_source_asset,unmatched_source_asset,No MOSAIQ clip has this normalized GroupID.
isd_audio_e289cf419660add67925,,,WAV_London_4.zip,WAV_London_4/TorringtonSq/TS209.wav,unmatched_source_asset,unmatched_source_asset,No MOSAIQ clip has this normalized GroupID.
isd_audio_d9c3669f174ca8d9ce60,,,WAV_London_4.zip,WAV_London_4/TorringtonSq/TS211.wav,unmatched_source_asset,unmatched_source_asset,No MOSAIQ clip has this normalized GroupID.
isd_audio_4e1212163927bebe5726,,,WAV_London_4.zip,WAV_London_4/TorringtonSq/TS215.wav,unmatched_source_asset,unmatched_source_asset,No MOSAIQ clip has this normalized GroupID.
isd_audio_3847d9474759caef9ab4,,,WAV_London_4.zip,WAV_London_4/TorringtonSq/TS219.wav,unmatched_source_asset,unmatched_source_asset,No MOSAIQ clip has this normalized GroupID.
isd_audio_b91e6e3993977751740f,,,WAV_London_4.zip,WAV_London_4/TorringtonSq/TS239.wav,unmatched_source_asset,unmatched_source_asset,No MOSAIQ clip has this normalized GroupID.
isd_audio_8f226f6d952a587a5f7c,,,WAV_London_4.zip,WAV_London_4/TorringtonSq/TS307.wav,unmatched_source_asset,unmatched_source_asset,No MOSAIQ clip has this normalized GroupID.
isd_audio_85bf42ed8115796482d8,,,WAV_London_4.zip,WAV_London_4/TorringtonSq/TS308.wav,unmatched_source_asset,unmatched_source_asset,No MOSAIQ clip has this normalized GroupID.
isd_audio_51492b96644c80d53ffe,,,WAV_London_4.zip,WAV_London_4/TorringtonSq/TS405.wav,unmatched_source_asset,unmatched_source_asset,No MOSAIQ clip has this normalized GroupID.
isd_audio_aff14967579768a153eb,,,WAV_London_4.zip,WAV_London_4/TorringtonSq/TS406.wav,unmatched_source_asset,unmatched_source_asset,No MOSAIQ clip has this normalized GroupID.
isd_audio_487e6dee5dad3dd933de,,,WAV_London_4.zip,WAV_London_4/TorringtonSq/TS416.wav,unmatched_source_asset,unmatched_source_asset,No MOSAIQ clip has this normalized GroupID.
