clip_id,dataset_id,split,split_version,exclusion_reason
DeLTA_Rs118_2,DeLTA,train,0.1.0,
DeLTA_ET438_1,DeLTA,train,0.1.0,
DeLTA_bib3_2,DeLTA,train,0.1.0,
DeLTA_Ts414_2,DeLTA,train,0.1.0,
DeLTA_ML104_4,DeLTA,train,0.1.0,
DeLTA_SR237_1,DeLTA,train,0.1.0,
DeLTA_ET215_1,DeLTA,train,0.1.0,
DeLTA_SR218_1,DeLTA,test,0.1.0,
DeLTA_CT329_2,DeLTA,train,0.1.0,
DeLTA_RP304_1,DeLTA,train,0.1.0,
DeLTA_ts235_1,DeLTA,dev,0.1.0,
DeLTA_bib2_1,DeLTA,train,0.1.0,
DeLTA_PL327_1,DeLTA,test,0.1.0,
DeLTA_tm106_2,DeLTA,test,0.1.0,
DeLTA_m211_2,DeLTA,test,0.1.0,
DeLTA_NP120_1,DeLTA,test,0.1.0,
DeLTA_cp7_1,DeLTA,train,0.1.0,
DeLTA_tm332_1,DeLTA,train,0.1.0,
DeLTA_sc122_1,DeLTA,train,0.1.0,
DeLTA_tm129_2,DeLTA,train,0.1.0,
DeLTA_ML101_2,DeLTA,train,0.1.0,
DeLTA_m210_2,DeLTA,train,0.1.0,
DeLTA_MG108_2,DeLTA,dev,0.1.0,
DeLTA_Rp208_2,DeLTA,dev,0.1.0,
DeLTA_Mc405_1,DeLTA,train,0.1.0,
DeLTA_ET431_2,DeLTA,test,0.1.0,
DeLTA_m15_1,DeLTA,train,0.1.0,
DeLTA_SC207_2,DeLTA,train,0.1.0,
DeLTA_ML130_2,DeLTA,train,0.1.0,
DeLTA_CT539_1,DeLTA,train,0.1.0,
DeLTA_Mc407_2,DeLTA,dev,0.1.0,
DeLTA_MG310_2,DeLTA,train,0.1.0,
DeLTA_CT402_1,DeLTA,train,0.1.0,
DeLTA_ts323_2,DeLTA,train,0.1.0,
DeLTA_ts311_2,DeLTA,train,0.1.0,
DeLTA_MG304_2,DeLTA,train,0.1.0,
DeLTA_ET207_1,DeLTA,dev,0.1.0,
DeLTA_Rf134_1,DeLTA,train,0.1.0,
DeLTA_MG212_1,DeLTA,train,0.1.0,
DeLTA_ET314_2,DeLTA,train,0.1.0,
DeLTA_Rs330_1,DeLTA,train,0.1.0,
DeLTA_Rs324_2,DeLTA,train,0.1.0,
DeLTA_Pl109_1,DeLTA,train,0.1.0,
DeLTA_SM505_1,DeLTA,train,0.1.0,
DeLTA_MC515_2,DeLTA,train,0.1.0,
DeLTA_TM431_1,DeLTA,test,0.1.0,
DeLTA_Pl209_2,DeLTA,train,0.1.0,
DeLTA_RS412_2,DeLTA,dev,0.1.0,
DeLTA_ML214_1,DeLTA,train,0.1.0,
DeLTA_sc143_1,DeLTA,train,0.1.0,
DeLTA_Rp126_1,DeLTA,dev,0.1.0,
DeLTA_Pl222_2,DeLTA,train,0.1.0,
DeLTA_MG328_2,DeLTA,train,0.1.0,
DeLTA_CT541_2,DeLTA,dev,0.1.0,
DeLTA_RS440_1,DeLTA,dev,0.1.0,
DeLTA_CT504_2,DeLTA,test,0.1.0,
DeLTA_RF330_1,DeLTA,train,0.1.0,
DeLTA_Pl228_1,DeLTA,train,0.1.0,
DeLTA_sr111_2,DeLTA,train,0.1.0,
DeLTA_CT327_2,DeLTA,train,0.1.0,
DeLTA_MG324_2,DeLTA,train,0.1.0,
DeLTA_RP328_1,DeLTA,train,0.1.0,
DeLTA_CT315_1,DeLTA,train,0.1.0,
DeLTA_Ts416_2,DeLTA,train,0.1.0,
DeLTA_sc138_2,DeLTA,test,0.1.0,
DeLTA_Rp226_1,DeLTA,dev,0.1.0,
DeLTA_Rs106_1,DeLTA,dev,0.1.0,
DeLTA_tm219_1,DeLTA,train,0.1.0,
DeLTA_ML101_1,DeLTA,dev,0.1.0,
DeLTA_TM441_2,DeLTA,dev,0.1.0,
DeLTA_ET303_1,DeLTA,train,0.1.0,
DeLTA_TM431_2,DeLTA,train,0.1.0,
DeLTA_m23_1,DeLTA,dev,0.1.0,
DeLTA_MC538_2,DeLTA,train,0.1.0,
DeLTA_RF335_2,DeLTA,train,0.1.0,
DeLTA_NP113_1,DeLTA,dev,0.1.0,
DeLTA_Pl231_1,DeLTA,train,0.1.0,
DeLTA_RF324_1,DeLTA,dev,0.1.0,
DeLTA_CT301_1,DeLTA,train,0.1.0,
DeLTA_PL317_2,DeLTA,train,0.1.0,
DeLTA_2cv41_1,DeLTA,train,0.1.0,
DeLTA_ET212_1,DeLTA,test,0.1.0,
DeLTA_SR244_1,DeLTA,train,0.1.0,
DeLTA_Rs212_1,DeLTA,train,0.1.0,
DeLTA_MG309_2,DeLTA,train,0.1.0,
DeLTA_tm108_2,DeLTA,test,0.1.0,
DeLTA_ML214_2,DeLTA,train,0.1.0,
DeLTA_SC213_1,DeLTA,test,0.1.0,
DeLTA_tm118_2,DeLTA,train,0.1.0,
DeLTA_SM506_1,DeLTA,train,0.1.0,
DeLTA_Rs224_1,DeLTA,train,0.1.0,
DeLTA_RP335_2,DeLTA,train,0.1.0,
DeLTA_ts209_2,DeLTA,test,0.1.0,
DeLTA_cp19_1,DeLTA,dev,0.1.0,
DeLTA_Rp208_1,DeLTA,train,0.1.0,
DeLTA_RS405_2,DeLTA,dev,0.1.0,
DeLTA_Rp133_2,DeLTA,train,0.1.0,
DeLTA_Mc418_2,DeLTA,train,0.1.0,
DeLTA_TS527_2,DeLTA,dev,0.1.0,
DeLTA_cp13_2,DeLTA,dev,0.1.0,
DeLTA_2cv34_1,DeLTA,train,0.1.0,
DeLTA_TS531_2,DeLTA,train,0.1.0,
DeLTA_SM419_2,DeLTA,train,0.1.0,
DeLTA_sc108_2,DeLTA,train,0.1.0,
DeLTA_ET101_1,DeLTA,train,0.1.0,
DeLTA_mc102_2,DeLTA,train,0.1.0,
DeLTA_SM410_1,DeLTA,train,0.1.0,
DeLTA_ML133_2,DeLTA,train,0.1.0,
DeLTA_Mc301_1,DeLTA,train,0.1.0,
DeLTA_cv41_1,DeLTA,train,0.1.0,
DeLTA_ts216_2,DeLTA,dev,0.1.0,
DeLTA_PL334_2,DeLTA,train,0.1.0,
DeLTA_RP323_2,DeLTA,train,0.1.0,
DeLTA_tm230_2,DeLTA,dev,0.1.0,
DeLTA_sr103_2,DeLTA,train,0.1.0,
DeLTA_ET424_2,DeLTA,train,0.1.0,
DeLTA_CT526_2,DeLTA,train,0.1.0,
DeLTA_ET109_2,DeLTA,train,0.1.0,
DeLTA_AM02_2,DeLTA,train,0.1.0,
DeLTA_ts206_2,DeLTA,train,0.1.0,
DeLTA_MG110_2,DeLTA,train,0.1.0,
DeLTA_PL408_1,DeLTA,train,0.1.0,
DeLTA_PL108_2,DeLTA,train,0.1.0,
DeLTA_SC225_1,DeLTA,dev,0.1.0,
DeLTA_tm113_2,DeLTA,test,0.1.0,
DeLTA_CT413_2,DeLTA,train,0.1.0,
DeLTA_ET103_2,DeLTA,train,0.1.0,
DeLTA_MG313_2,DeLTA,train,0.1.0,
DeLTA_Ts412_1,DeLTA,train,0.1.0,
DeLTA_RF306_1,DeLTA,dev,0.1.0,
DeLTA_SR215_2,DeLTA,test,0.1.0,
DeLTA_MG307_2,DeLTA,train,0.1.0,
DeLTA_NP118_1,DeLTA,train,0.1.0,
DeLTA_MC521_1,DeLTA,test,0.1.0,
DeLTA_ET412_2,DeLTA,train,0.1.0,
DeLTA_sc108_1,DeLTA,test,0.1.0,
DeLTA_SR224_1,DeLTA,train,0.1.0,
DeLTA_Rp230_1,DeLTA,train,0.1.0,
DeLTA_PL320_1,DeLTA,dev,0.1.0,
DeLTA_MC520_1,DeLTA,dev,0.1.0,
DeLTA_ET304_1,DeLTA,dev,0.1.0,
DeLTA_TS509_1,DeLTA,train,0.1.0,
DeLTA_tm335_2,DeLTA,test,0.1.0,
DeLTA_MC529_2,DeLTA,dev,0.1.0,
DeLTA_Rp123_2,DeLTA,train,0.1.0,
DeLTA_Pl219_2,DeLTA,train,0.1.0,
DeLTA_ET103_1,DeLTA,train,0.1.0,
DeLTA_ts217_2,DeLTA,train,0.1.0,
DeLTA_TM409_1,DeLTA,dev,0.1.0,
DeLTA_Rf129_2,DeLTA,train,0.1.0,
DeLTA_ET205_2,DeLTA,dev,0.1.0,
DeLTA_sr133_2,DeLTA,train,0.1.0,
DeLTA_tm306_1,DeLTA,train,0.1.0,
DeLTA_MC518_2,DeLTA,train,0.1.0,
DeLTA_Rf126_2,DeLTA,train,0.1.0,
DeLTA_ML111_8,DeLTA,train,0.1.0,
DeLTA_SR246_2,DeLTA,train,0.1.0,
DeLTA_cv45_2,DeLTA,train,0.1.0,
DeLTA_MG314_1,DeLTA,test,0.1.0,
DeLTA_RP325_1,DeLTA,test,0.1.0,
DeLTA_ET406_2,DeLTA,train,0.1.0,
DeLTA_m22_2,DeLTA,train,0.1.0,
DeLTA_Mc329_2,DeLTA,train,0.1.0,
DeLTA_Rs218_1,DeLTA,train,0.1.0,
DeLTA_sr134_1,DeLTA,train,0.1.0,
DeLTA_RS428_2,DeLTA,train,0.1.0,
DeLTA_Rp214_2,DeLTA,train,0.1.0,
DeLTA_MG333_2,DeLTA,train,0.1.0,
DeLTA_sc135_2,DeLTA,test,0.1.0,
DeLTA_Ts413_2,DeLTA,train,0.1.0,
DeLTA_ET221_1,DeLTA,train,0.1.0,
DeLTA_Mc401_2,DeLTA,train,0.1.0,
DeLTA_TS526_2,DeLTA,train,0.1.0,
DeLTA_RP335_1,DeLTA,train,0.1.0,
DeLTA_Pl218_1,DeLTA,train,0.1.0,
DeLTA_PL407_1,DeLTA,dev,0.1.0,
DeLTA_bib8_2,DeLTA,test,0.1.0,
DeLTA_sc142_1,DeLTA,dev,0.1.0,
DeLTA_CT104_2,DeLTA,test,0.1.0,
DeLTA_ET415_2,DeLTA,train,0.1.0,
DeLTA_tm103_1,DeLTA,test,0.1.0,
DeLTA_Rf105_1,DeLTA,train,0.1.0,
DeLTA_Mc118_2,DeLTA,dev,0.1.0,
DeLTA_MC507_2,DeLTA,train,0.1.0,
DeLTA_sr123_2,DeLTA,dev,0.1.0,
DeLTA_TM421_1,DeLTA,train,0.1.0,
DeLTA_ET203_2,DeLTA,dev,0.1.0,
DeLTA_CT519_2,DeLTA,train,0.1.0,
DeLTA_SR216_1,DeLTA,test,0.1.0,
DeLTA_tm216_2,DeLTA,test,0.1.0,
DeLTA_tm106_1,DeLTA,train,0.1.0,
DeLTA_SR214_1,DeLTA,train,0.1.0,
DeLTA_CT305_3,DeLTA,train,0.1.0,
DeLTA_PL439_2,DeLTA,dev,0.1.0,
DeLTA_cv14_1,DeLTA,train,0.1.0,
DeLTA_Rp221_2,DeLTA,test,0.1.0,
DeLTA_Rs216_2,DeLTA,train,0.1.0,
DeLTA_ET214_1,DeLTA,train,0.1.0,
DeLTA_SC227_2,DeLTA,train,0.1.0,
DeLTA_SR233_1,DeLTA,test,0.1.0,
DeLTA_Mc119_1,DeLTA,test,0.1.0,
DeLTA_Mc413_2,DeLTA,dev,0.1.0,
DeLTA_SR243_1,DeLTA,train,0.1.0,
DeLTA_MG209_1,DeLTA,train,0.1.0,
DeLTA_tm207_1,DeLTA,train,0.1.0,
DeLTA_Rs207_2,DeLTA,train,0.1.0,
DeLTA_tm130_2,DeLTA,train,0.1.0,
DeLTA_Pl206_2,DeLTA,train,0.1.0,
DeLTA_Rf208_1,DeLTA,test,0.1.0,
DeLTA_tm116_1,DeLTA,test,0.1.0,
DeLTA_sc125_2,DeLTA,dev,0.1.0,
DeLTA_2cv33_2,DeLTA,train,0.1.0,
DeLTA_tm221_1,DeLTA,test,0.1.0,
DeLTA_Pl105_1,DeLTA,test,0.1.0,
DeLTA_Rp207_2,DeLTA,test,0.1.0,
DeLTA_sc110_2,DeLTA,train,0.1.0,
DeLTA_MG323_2,DeLTA,dev,0.1.0,
DeLTA_cp7_2,DeLTA,train,0.1.0,
DeLTA_Pl119_2,DeLTA,train,0.1.0,
DeLTA_Rs226_2,DeLTA,train,0.1.0,
DeLTA_Rf127_1,DeLTA,dev,0.1.0,
DeLTA_Rp203_1,DeLTA,dev,0.1.0,
DeLTA_SR221_1,DeLTA,dev,0.1.0,
DeLTA_PL107_3,DeLTA,train,0.1.0,
DeLTA_2cv12_1,DeLTA,dev,0.1.0,
DeLTA_Rf111_2,DeLTA,train,0.1.0,
DeLTA_CT328_3,DeLTA,train,0.1.0,
DeLTA_ET313_1,DeLTA,train,0.1.0,
DeLTA_bib1_2,DeLTA,train,0.1.0,
DeLTA_RP326_2,DeLTA,test,0.1.0,
DeLTA_Rf116_2,DeLTA,train,0.1.0,
DeLTA_tm118_1,DeLTA,train,0.1.0,
DeLTA_Mc415_1,DeLTA,train,0.1.0,
DeLTA_SR229_2,DeLTA,train,0.1.0,
DeLTA_CT401_2,DeLTA,dev,0.1.0,
DeLTA_Rs229_2,DeLTA,train,0.1.0,
DeLTA_Rs227_1,DeLTA,train,0.1.0,
DeLTA_NP125_2,DeLTA,dev,0.1.0,
DeLTA_sc138_1,DeLTA,test,0.1.0,
DeLTA_RS425_1,DeLTA,train,0.1.0,
DeLTA_RF332_1,DeLTA,train,0.1.0,
DeLTA_cp19_2,DeLTA,test,0.1.0,
DeLTA_Rs119_1,DeLTA,test,0.1.0,
DeLTA_Pl112_2,DeLTA,train,0.1.0,
DeLTA_RS428_1,DeLTA,dev,0.1.0,
DeLTA_CT122_2,DeLTA,train,0.1.0,
DeLTA_Rs323_1,DeLTA,train,0.1.0,
DeLTA_SM515_1,DeLTA,train,0.1.0,
DeLTA_Mc332_2,DeLTA,test,0.1.0,
DeLTA_TS520_2,DeLTA,train,0.1.0,
DeLTA_ET403_2,DeLTA,train,0.1.0,
DeLTA_RF301_1,DeLTA,test,0.1.0,
DeLTA_Rs212_2,DeLTA,train,0.1.0,
DeLTA_Rf221_2,DeLTA,train,0.1.0,
DeLTA_TM429_1,DeLTA,test,0.1.0,
DeLTA_RP314_1,DeLTA,train,0.1.0,
DeLTA_tm122_1,DeLTA,test,0.1.0,
DeLTA_tm311_1,DeLTA,train,0.1.0,
DeLTA_MG211_1,DeLTA,train,0.1.0,
DeLTA_ET110_1,DeLTA,train,0.1.0,
DeLTA_sc110_1,DeLTA,dev,0.1.0,
DeLTA_bib16_2,DeLTA,dev,0.1.0,
DeLTA_m210_1,DeLTA,train,0.1.0,
DeLTA_SM503_1,DeLTA,train,0.1.0,
DeLTA_SR248_2,DeLTA,dev,0.1.0,
DeLTA_ET410_2,DeLTA,test,0.1.0,
DeLTA_MG330_1,DeLTA,dev,0.1.0,
DeLTA_NP111_2,DeLTA,train,0.1.0,
DeLTA_tm303_2,DeLTA,train,0.1.0,
DeLTA_SR201_2,DeLTA,train,0.1.0,
DeLTA_SM513_1,DeLTA,train,0.1.0,
DeLTA_Pl211_1,DeLTA,train,0.1.0,
DeLTA_Rs107_2,DeLTA,train,0.1.0,
DeLTA_Rs326_1,DeLTA,train,0.1.0,
DeLTA_RP320_2,DeLTA,train,0.1.0,
DeLTA_CT503_1,DeLTA,train,0.1.0,
DeLTA_Rs210_1,DeLTA,train,0.1.0,
DeLTA_Rf122_2,DeLTA,train,0.1.0,
DeLTA_TM442_2,DeLTA,train,0.1.0,
DeLTA_Rf213_1,DeLTA,train,0.1.0,
DeLTA_RP309_2,DeLTA,train,0.1.0,
DeLTA_NP119_2,DeLTA,dev,0.1.0,
DeLTA_Rs109_1,DeLTA,test,0.1.0,
DeLTA_ET405_1,DeLTA,train,0.1.0,
DeLTA_sc139_2,DeLTA,train,0.1.0,
DeLTA_Mc101_1,DeLTA,train,0.1.0,
DeLTA_PL305_2,DeLTA,train,0.1.0,
DeLTA_TM436_2,DeLTA,test,0.1.0,
DeLTA_SC224_2,DeLTA,train,0.1.0,
DeLTA_RS429_2,DeLTA,test,0.1.0,
DeLTA_MG315_1,DeLTA,train,0.1.0,
DeLTA_CT412_2,DeLTA,train,0.1.0,
DeLTA_ET408_2,DeLTA,dev,0.1.0,
DeLTA_NP125_1,DeLTA,dev,0.1.0,
DeLTA_sr140_1,DeLTA,dev,0.1.0,
DeLTA_tm211_2,DeLTA,train,0.1.0,
DeLTA_PL318_1,DeLTA,test,0.1.0,
DeLTA_ET114_1,DeLTA,dev,0.1.0,
DeLTA_TM425_2,DeLTA,train,0.1.0,
DeLTA_RP324_1,DeLTA,train,0.1.0,
DeLTA_Rp213_1,DeLTA,train,0.1.0,
DeLTA_Rs208_2,DeLTA,train,0.1.0,
DeLTA_tm127_2,DeLTA,train,0.1.0,
DeLTA_TM433_1,DeLTA,train,0.1.0,
DeLTA_MG106_2,DeLTA,test,0.1.0,
DeLTA_ts217_1,DeLTA,train,0.1.0,
DeLTA_Ts413_1,DeLTA,dev,0.1.0,
DeLTA_RP319_2,DeLTA,train,0.1.0,
DeLTA_SM517_1,DeLTA,train,0.1.0,
DeLTA_Pl223_1,DeLTA,test,0.1.0,
DeLTA_PL404_2,DeLTA,train,0.1.0,
DeLTA_Rp110_2,DeLTA,train,0.1.0,
DeLTA_m212_2,DeLTA,train,0.1.0,
DeLTA_TM433_2,DeLTA,train,0.1.0,
DeLTA_RS408_2,DeLTA,test,0.1.0,
DeLTA_SC213_2,DeLTA,train,0.1.0,
DeLTA_ML209_1,DeLTA,train,0.1.0,
DeLTA_ts221_2,DeLTA,train,0.1.0,
DeLTA_PL319_2,DeLTA,train,0.1.0,
DeLTA_sc105_2,DeLTA,test,0.1.0,
DeLTA_RF329_1,DeLTA,train,0.1.0,
DeLTA_m28_1,DeLTA,train,0.1.0,
DeLTA_ET117_1,DeLTA,train,0.1.0,
DeLTA_Rp211_1,DeLTA,train,0.1.0,
DeLTA_NP107_2,DeLTA,dev,0.1.0,
DeLTA_sr112_1,DeLTA,test,0.1.0,
DeLTA_RF339_1,DeLTA,train,0.1.0,
DeLTA_RS411_1,DeLTA,train,0.1.0,
DeLTA_ET422_2,DeLTA,test,0.1.0,
DeLTA_MC537_2,DeLTA,train,0.1.0,
DeLTA_CT512_2,DeLTA,dev,0.1.0,
DeLTA_SR222_1,DeLTA,dev,0.1.0,
DeLTA_SM506_2,DeLTA,train,0.1.0,
DeLTA_ET429_2,DeLTA,test,0.1.0,
DeLTA_Rp229_1,DeLTA,train,0.1.0,
DeLTA_m17_2,DeLTA,train,0.1.0,
DeLTA_PL312_1,DeLTA,train,0.1.0,
DeLTA_Rp119_2,DeLTA,train,0.1.0,
DeLTA_CT545_1,DeLTA,train,0.1.0,
DeLTA_Rs324_1,DeLTA,train,0.1.0,
DeLTA_SM519_2,DeLTA,train,0.1.0,
DeLTA_NP126_1,DeLTA,train,0.1.0,
DeLTA_NP135_1,DeLTA,train,0.1.0,
DeLTA_NP133_1,DeLTA,train,0.1.0,
DeLTA_CT505_2,DeLTA,train,0.1.0,
DeLTA_NP146_1,DeLTA,train,0.1.0,
DeLTA_ts304_1,DeLTA,test,0.1.0,
DeLTA_CT535_1,DeLTA,train,0.1.0,
DeLTA_cp2_2,DeLTA,train,0.1.0,
DeLTA_SR248_1,DeLTA,train,0.1.0,
DeLTA_SM309_2,DeLTA,train,0.1.0,
DeLTA_Rf227_1,DeLTA,train,0.1.0,
DeLTA_tm124_2,DeLTA,train,0.1.0,
DeLTA_ET429_1,DeLTA,train,0.1.0,
DeLTA_MC513_2,DeLTA,train,0.1.0,
DeLTA_2cv21_1,DeLTA,train,0.1.0,
DeLTA_ET402_2,DeLTA,train,0.1.0,
DeLTA_MG109_2,DeLTA,train,0.1.0,
DeLTA_Rf205_1,DeLTA,train,0.1.0,
DeLTA_ts230_2,DeLTA,train,0.1.0,
DeLTA_sc109_2,DeLTA,train,0.1.0,
DeLTA_Rp118_2,DeLTA,dev,0.1.0,
DeLTA_Rp229_2,DeLTA,train,0.1.0,
DeLTA_SR207_2,DeLTA,train,0.1.0,
DeLTA_CT514_2,DeLTA,test,0.1.0,
DeLTA_cv37_2,DeLTA,test,0.1.0,
DeLTA_TM417_2,DeLTA,test,0.1.0,
DeLTA_Rs215_1,DeLTA,train,0.1.0,
DeLTA_bib14_2,DeLTA,dev,0.1.0,
DeLTA_RP327_2,DeLTA,dev,0.1.0,
DeLTA_RP330_1,DeLTA,train,0.1.0,
DeLTA_Mc402_1,DeLTA,test,0.1.0,
DeLTA_Pl204_2,DeLTA,train,0.1.0,
DeLTA_MG216_1,DeLTA,test,0.1.0,
DeLTA_RS431_1,DeLTA,train,0.1.0,
DeLTA_sc120_1,DeLTA,train,0.1.0,
DeLTA_Rp108_1,DeLTA,train,0.1.0,
DeLTA_ML214_4,DeLTA,train,0.1.0,
DeLTA_tm309_2,DeLTA,dev,0.1.0,
DeLTA_CT540_1,DeLTA,train,0.1.0,
DeLTA_TS519_1,DeLTA,dev,0.1.0,
DeLTA_Rp116_1,DeLTA,test,0.1.0,
DeLTA_tm209_2,DeLTA,train,0.1.0,
DeLTA_Rp207_1,DeLTA,train,0.1.0,
DeLTA_RS418_2,DeLTA,train,0.1.0,
DeLTA_Rs206_1,DeLTA,train,0.1.0,
DeLTA_Pl210_2,DeLTA,test,0.1.0,
DeLTA_Mc321_1,DeLTA,train,0.1.0,
DeLTA_RF340_2,DeLTA,test,0.1.0,
DeLTA_ET113_1,DeLTA,train,0.1.0,
DeLTA_MG111_1,DeLTA,train,0.1.0,
DeLTA_cp4_1,DeLTA,train,0.1.0,
DeLTA_ET101_2,DeLTA,train,0.1.0,
DeLTA_Rp134_1,DeLTA,dev,0.1.0,
DeLTA_ET308_2,DeLTA,train,0.1.0,
DeLTA_cp3_1,DeLTA,train,0.1.0,
DeLTA_Rf210_1,DeLTA,train,0.1.0,
DeLTA_MC505_2,DeLTA,dev,0.1.0,
DeLTA_ET124_1,DeLTA,train,0.1.0,
DeLTA_ML133_1,DeLTA,dev,0.1.0,
DeLTA_tm133_1,DeLTA,train,0.1.0,
DeLTA_SC216_2,DeLTA,dev,0.1.0,
DeLTA_Rf215_1,DeLTA,train,0.1.0,
DeLTA_SC202_1,DeLTA,train,0.1.0,
DeLTA_tm204_1,DeLTA,test,0.1.0,
DeLTA_CT515_1,DeLTA,dev,0.1.0,
DeLTA_PL308_2,DeLTA,train,0.1.0,
DeLTA_TS534_2,DeLTA,train,0.1.0,
DeLTA_PL403_2,DeLTA,dev,0.1.0,
DeLTA_TM436_1,DeLTA,train,0.1.0,
DeLTA_TM411_1,DeLTA,dev,0.1.0,
DeLTA_CT120_2,DeLTA,train,0.1.0,
DeLTA_Rp108_2,DeLTA,train,0.1.0,
DeLTA_TS509_2,DeLTA,train,0.1.0,
DeLTA_tm307_1,DeLTA,train,0.1.0,
DeLTA_NP102_1,DeLTA,train,0.1.0,
DeLTA_NP160_1,DeLTA,train,0.1.0,
DeLTA_sr145_1,DeLTA,test,0.1.0,
DeLTA_NP114_1,DeLTA,test,0.1.0,
DeLTA_PL311_1,DeLTA,train,0.1.0,
DeLTA_CT532_2,DeLTA,train,0.1.0,
DeLTA_Rf114_2,DeLTA,test,0.1.0,
DeLTA_ML212_4,DeLTA,test,0.1.0,
DeLTA_PL120_1,DeLTA,train,0.1.0,
DeLTA_Rf114_1,DeLTA,test,0.1.0,
DeLTA_Rf102_1,DeLTA,train,0.1.0,
DeLTA_Rs322_1,DeLTA,test,0.1.0,
DeLTA_SM508_2,DeLTA,test,0.1.0,
DeLTA_ET201_1,DeLTA,test,0.1.0,
DeLTA_Pl204_1,DeLTA,train,0.1.0,
DeLTA_NP153_1,DeLTA,train,0.1.0,
DeLTA_m18_2,DeLTA,train,0.1.0,
DeLTA_tm109_1,DeLTA,train,0.1.0,
DeLTA_cp16_2,DeLTA,train,0.1.0,
DeLTA_RF336_2,DeLTA,train,0.1.0,
DeLTA_AM07_2,DeLTA,train,0.1.0,
DeLTA_tm316_2,DeLTA,train,0.1.0,
DeLTA_Rp219_2,DeLTA,train,0.1.0,
DeLTA_Rs322_2,DeLTA,dev,0.1.0,
DeLTA_Rf121_1,DeLTA,train,0.1.0,
DeLTA_TM428_2,DeLTA,train,0.1.0,
DeLTA_PL311_2,DeLTA,dev,0.1.0,
DeLTA_MG320_2,DeLTA,train,0.1.0,
DeLTA_CT518_1,DeLTA,train,0.1.0,
DeLTA_ts307_2,DeLTA,train,0.1.0,
DeLTA_PL411_1,DeLTA,test,0.1.0,
DeLTA_RP319_1,DeLTA,train,0.1.0,
DeLTA_Rs232_1,DeLTA,train,0.1.0,
DeLTA_Rp211_2,DeLTA,train,0.1.0,
DeLTA_Rs103_2,DeLTA,dev,0.1.0,
DeLTA_tm102_1,DeLTA,dev,0.1.0,
DeLTA_Mc323_2,DeLTA,train,0.1.0,
DeLTA_Rp201_2,DeLTA,train,0.1.0,
DeLTA_Rf223_2,DeLTA,train,0.1.0,
DeLTA_PL329_1,DeLTA,train,0.1.0,
DeLTA_Rs114_2,DeLTA,test,0.1.0,
DeLTA_ET106_3,DeLTA,train,0.1.0,
DeLTA_CT538_2,DeLTA,dev,0.1.0,
DeLTA_CT321_1,DeLTA,train,0.1.0,
DeLTA_MG109_1,DeLTA,train,0.1.0,
DeLTA_cv16_2,DeLTA,train,0.1.0,
DeLTA_MG217_2,DeLTA,train,0.1.0,
DeLTA_Rs308_1,DeLTA,train,0.1.0,
DeLTA_CT113_1,DeLTA,train,0.1.0,
DeLTA_MG101_1,DeLTA,train,0.1.0,
DeLTA_Rp135_1,DeLTA,train,0.1.0,
DeLTA_tm120_2,DeLTA,test,0.1.0,
DeLTA_Rf218_2,DeLTA,dev,0.1.0,
DeLTA_Mc105_1,DeLTA,train,0.1.0,
DeLTA_Ts420_2,DeLTA,train,0.1.0,
DeLTA_ML111_1,DeLTA,test,0.1.0,
DeLTA_RF325_1,DeLTA,test,0.1.0,
DeLTA_ML131_8,DeLTA,train,0.1.0,
DeLTA_SM505_2,DeLTA,train,0.1.0,
DeLTA_st104_2,DeLTA,train,0.1.0,
DeLTA_ts219_2,DeLTA,dev,0.1.0,
DeLTA_Rf223_1,DeLTA,train,0.1.0,
DeLTA_Rf201_2,DeLTA,train,0.1.0,
DeLTA_ET312_2,DeLTA,train,0.1.0,
DeLTA_Mc302_1,DeLTA,train,0.1.0,
DeLTA_SR201_1,DeLTA,test,0.1.0,
DeLTA_ET430_1,DeLTA,train,0.1.0,
DeLTA_SC210_1,DeLTA,train,0.1.0,
DeLTA_SM305_1,DeLTA,train,0.1.0,
DeLTA_m13_1,DeLTA,train,0.1.0,
DeLTA_SR208_2,DeLTA,train,0.1.0,
DeLTA_MG303_1,DeLTA,dev,0.1.0,
DeLTA_TS516_1,DeLTA,test,0.1.0,
DeLTA_SR215_1,DeLTA,test,0.1.0,
DeLTA_cv31_2,DeLTA,dev,0.1.0,
DeLTA_TS538_1,DeLTA,test,0.1.0,
DeLTA_ET414_1,DeLTA,train,0.1.0,
DeLTA_TS516_2,DeLTA,train,0.1.0,
DeLTA_CT320_1,DeLTA,train,0.1.0,
DeLTA_PL328_1,DeLTA,train,0.1.0,
DeLTA_Pl209_1,DeLTA,train,0.1.0,
DeLTA_PL313_2,DeLTA,dev,0.1.0,
DeLTA_Rf110_1,DeLTA,train,0.1.0,
DeLTA_TS541_1,DeLTA,dev,0.1.0,
DeLTA_bib6_2,DeLTA,dev,0.1.0,
DeLTA_ET310_1,DeLTA,train,0.1.0,
DeLTA_NP151_1,DeLTA,train,0.1.0,
DeLTA_cv16_1,DeLTA,dev,0.1.0,
DeLTA_m26_2,DeLTA,test,0.1.0,
DeLTA_Rp137_1,DeLTA,train,0.1.0,
DeLTA_tm215_2,DeLTA,train,0.1.0,
DeLTA_SM502_2,DeLTA,train,0.1.0,
DeLTA_Rp114_1,DeLTA,train,0.1.0,
DeLTA_SM511_2,DeLTA,train,0.1.0,
DeLTA_CT509_2,DeLTA,train,0.1.0,
DeLTA_RF323_1,DeLTA,dev,0.1.0,
DeLTA_PL316_1,DeLTA,train,0.1.0,
DeLTA_tm207_2,DeLTA,train,0.1.0,
DeLTA_Rp125_1,DeLTA,train,0.1.0,
DeLTA_ML105_1,DeLTA,train,0.1.0,
DeLTA_TM407_1,DeLTA,train,0.1.0,
DeLTA_SC227_1,DeLTA,train,0.1.0,
DeLTA_CT524_1,DeLTA,test,0.1.0,
DeLTA_PL302_2,DeLTA,test,0.1.0,
DeLTA_MG114_1,DeLTA,test,0.1.0,
DeLTA_CT312_1,DeLTA,train,0.1.0,
DeLTA_PL426_2,DeLTA,train,0.1.0,
DeLTA_Ts415_2,DeLTA,train,0.1.0,
DeLTA_ts233_1,DeLTA,test,0.1.0,
DeLTA_RF324_2,DeLTA,test,0.1.0,
DeLTA_PL414_1,DeLTA,train,0.1.0,
DeLTA_Rs116_1,DeLTA,dev,0.1.0,
DeLTA_SR240_2,DeLTA,train,0.1.0,
DeLTA_sc126_2,DeLTA,train,0.1.0,
DeLTA_Rf225_1,DeLTA,train,0.1.0,
DeLTA_ML103_3,DeLTA,train,0.1.0,
DeLTA_Rf132_2,DeLTA,test,0.1.0,
DeLTA_MC508_2,DeLTA,train,0.1.0,
DeLTA_TS503_1,DeLTA,train,0.1.0,
DeLTA_ET418_2,DeLTA,dev,0.1.0,
DeLTA_Rs327_2,DeLTA,train,0.1.0,
DeLTA_tm113_1,DeLTA,train,0.1.0,
DeLTA_RS406_1,DeLTA,train,0.1.0,
DeLTA_tm306_2,DeLTA,train,0.1.0,
DeLTA_tm212_1,DeLTA,train,0.1.0,
DeLTA_TS529_1,DeLTA,train,0.1.0,
DeLTA_ET119_1,DeLTA,train,0.1.0,
DeLTA_SR213_2,DeLTA,train,0.1.0,
DeLTA_PL107_2,DeLTA,train,0.1.0,
DeLTA_m29_1,DeLTA,test,0.1.0,
DeLTA_RS426_1,DeLTA,train,0.1.0,
DeLTA_2cv31_1,DeLTA,train,0.1.0,
DeLTA_ML104_1,DeLTA,dev,0.1.0,
DeLTA_MC526_2,DeLTA,train,0.1.0,
DeLTA_ET222_1,DeLTA,test,0.1.0,
DeLTA_Pl234_1,DeLTA,train,0.1.0,
DeLTA_ts209_1,DeLTA,train,0.1.0,
DeLTA_ML132_4,DeLTA,train,0.1.0,
DeLTA_PL328_2,DeLTA,train,0.1.0,
DeLTA_ts306_1,DeLTA,train,0.1.0,
DeLTA_MG317_2,DeLTA,train,0.1.0,
DeLTA_ts223_1,DeLTA,train,0.1.0,
DeLTA_ET202_3,DeLTA,train,0.1.0,
DeLTA_ET411_1,DeLTA,train,0.1.0,
DeLTA_RS408_1,DeLTA,dev,0.1.0,
DeLTA_m11_1,DeLTA,train,0.1.0,
DeLTA_Mc417_1,DeLTA,dev,0.1.0,
DeLTA_RS431_2,DeLTA,train,0.1.0,
DeLTA_sr109_1,DeLTA,train,0.1.0,
DeLTA_Rf226_2,DeLTA,test,0.1.0,
DeLTA_TM418_1,DeLTA,dev,0.1.0,
DeLTA_RF342_2,DeLTA,train,0.1.0,
DeLTA_ts302_1,DeLTA,train,0.1.0,
DeLTA_tm226_1,DeLTA,train,0.1.0,
DeLTA_RS419_1,DeLTA,train,0.1.0,
DeLTA_RF321_1,DeLTA,train,0.1.0,
DeLTA_TM428_1,DeLTA,train,0.1.0,
DeLTA_Rs305_2,DeLTA,train,0.1.0,
DeLTA_Pl103_2,DeLTA,train,0.1.0,
DeLTA_Rf109_2,DeLTA,train,0.1.0,
DeLTA_CT101_1,DeLTA,train,0.1.0,
DeLTA_m12_1,DeLTA,train,0.1.0,
DeLTA_Rf209_1,DeLTA,test,0.1.0,
DeLTA_CT328_1,DeLTA,train,0.1.0,
DeLTA_RF333_1,DeLTA,train,0.1.0,
DeLTA_MC534_1,DeLTA,train,0.1.0,
DeLTA_CT515_2,DeLTA,test,0.1.0,
DeLTA_Rp117_2,DeLTA,train,0.1.0,
DeLTA_Rf220_3,DeLTA,train,0.1.0,
DeLTA_Rf127_2,DeLTA,train,0.1.0,
DeLTA_ET220_1,DeLTA,train,0.1.0,
DeLTA_ET120_2,DeLTA,dev,0.1.0,
DeLTA_PL326_1,DeLTA,test,0.1.0,
DeLTA_Rs223_1,DeLTA,train,0.1.0,
DeLTA_ts213_2,DeLTA,test,0.1.0,
DeLTA_ts316_2,DeLTA,train,0.1.0,
DeLTA_PL416_1,DeLTA,train,0.1.0,
DeLTA_RS413_2,DeLTA,train,0.1.0,
DeLTA_CT501_1,DeLTA,train,0.1.0,
DeLTA_TS512_1,DeLTA,train,0.1.0,
DeLTA_MG220_1,DeLTA,train,0.1.0,
DeLTA_TM407_2,DeLTA,train,0.1.0,
DeLTA_TM430_1,DeLTA,train,0.1.0,
DeLTA_tm116_2,DeLTA,train,0.1.0,
DeLTA_CT324_1,DeLTA,train,0.1.0,
DeLTA_Mc303_2,DeLTA,train,0.1.0,
DeLTA_ts233_2,DeLTA,train,0.1.0,
DeLTA_PL437_1,DeLTA,train,0.1.0,
DeLTA_Rp128_1,DeLTA,train,0.1.0,
DeLTA_ET204_2,DeLTA,train,0.1.0,
DeLTA_Rf108_1,DeLTA,dev,0.1.0,
DeLTA_MG215_2,DeLTA,train,0.1.0,
DeLTA_NP152_1,DeLTA,train,0.1.0,
DeLTA_Rs108_1,DeLTA,test,0.1.0,
DeLTA_ET306_2,DeLTA,train,0.1.0,
DeLTA_sc137_1,DeLTA,train,0.1.0,
DeLTA_Mc414_2,DeLTA,train,0.1.0,
DeLTA_SM302_1,DeLTA,train,0.1.0,
DeLTA_Rs113_1,DeLTA,train,0.1.0,
DeLTA_MG327_1,DeLTA,train,0.1.0,
DeLTA_SM410_2,DeLTA,train,0.1.0,
DeLTA_Ts407_2,DeLTA,train,0.1.0,
DeLTA_SR220_1,DeLTA,train,0.1.0,
DeLTA_Rs216_1,DeLTA,train,0.1.0,
DeLTA_sc142_2,DeLTA,train,0.1.0,
DeLTA_Mc308_2,DeLTA,test,0.1.0,
DeLTA_Rp115_1,DeLTA,train,0.1.0,
DeLTA_TS504_1,DeLTA,train,0.1.0,
DeLTA_bib14_1,DeLTA,test,0.1.0,
DeLTA_RS414_1,DeLTA,train,0.1.0,
DeLTA_NP152_2,DeLTA,train,0.1.0,
DeLTA_TM434_2,DeLTA,train,0.1.0,
DeLTA_MG118_2,DeLTA,train,0.1.0,
DeLTA_2cv13_1,DeLTA,train,0.1.0,
DeLTA_sr121_2,DeLTA,train,0.1.0,
DeLTA_ML104_3,DeLTA,train,0.1.0,
DeLTA_CT124_2,DeLTA,dev,0.1.0,
DeLTA_Rp223_2,DeLTA,train,0.1.0,
DeLTA_sr130_2,DeLTA,train,0.1.0,
DeLTA_sc114_1,DeLTA,dev,0.1.0,
DeLTA_ts218_1,DeLTA,test,0.1.0,
DeLTA_tm222_2,DeLTA,train,0.1.0,
DeLTA_SM507_2,DeLTA,train,0.1.0,
DeLTA_TM427_1,DeLTA,train,0.1.0,
DeLTA_Rf101_2,DeLTA,dev,0.1.0,
DeLTA_ts236_1,DeLTA,dev,0.1.0,
DeLTA_tm304_2,DeLTA,train,0.1.0,
DeLTA_NP119_1,DeLTA,train,0.1.0,
DeLTA_SR239_2,DeLTA,dev,0.1.0,
DeLTA_RP309_1,DeLTA,test,0.1.0,
DeLTA_Rf219_1,DeLTA,train,0.1.0,
DeLTA_ET121_1,DeLTA,train,0.1.0,
DeLTA_tm222_1,DeLTA,train,0.1.0,
DeLTA_sr123_1,DeLTA,train,0.1.0,
DeLTA_Mc207_2,DeLTA,train,0.1.0,
DeLTA_TS531_1,DeLTA,train,0.1.0,
DeLTA_ET437_1,DeLTA,test,0.1.0,
DeLTA_PL306_1,DeLTA,train,0.1.0,
DeLTA_bib15_1,DeLTA,train,0.1.0,
DeLTA_ET433_1,DeLTA,train,0.1.0,
DeLTA_MC503_2,DeLTA,dev,0.1.0,
DeLTA_sc120_2,DeLTA,train,0.1.0,
DeLTA_sr126_1,DeLTA,train,0.1.0,
DeLTA_SC208_2,DeLTA,train,0.1.0,
DeLTA_Mc114_2,DeLTA,dev,0.1.0,
DeLTA_ML203_2,DeLTA,train,0.1.0,
DeLTA_RP312_1,DeLTA,train,0.1.0,
DeLTA_TM438_2,DeLTA,train,0.1.0,
DeLTA_NP138_2,DeLTA,dev,0.1.0,
DeLTA_Rp121_1,DeLTA,dev,0.1.0,
DeLTA_sr147_1,DeLTA,train,0.1.0,
DeLTA_PL417_2,DeLTA,train,0.1.0,
DeLTA_ML111_5,DeLTA,train,0.1.0,
DeLTA_sc104_2,DeLTA,train,0.1.0,
DeLTA_ts307_1,DeLTA,train,0.1.0,
DeLTA_MG318_1,DeLTA,dev,0.1.0,
DeLTA_SR221_2,DeLTA,train,0.1.0,
DeLTA_MG309_1,DeLTA,train,0.1.0,
DeLTA_RF301_5,DeLTA,train,0.1.0,
DeLTA_ts319_2,DeLTA,train,0.1.0,
DeLTA_NP144_2,DeLTA,train,0.1.0,
DeLTA_NP126_2,DeLTA,train,0.1.0,
DeLTA_Rs319_2,DeLTA,test,0.1.0,
DeLTA_Rf141_2,DeLTA,dev,0.1.0,
DeLTA_MG214_1,DeLTA,train,0.1.0,
DeLTA_m113_1,DeLTA,train,0.1.0,
DeLTA_SC211_1,DeLTA,train,0.1.0,
DeLTA_NP102_2,DeLTA,dev,0.1.0,
DeLTA_ts221_1,DeLTA,train,0.1.0,
DeLTA_TS533_2,DeLTA,train,0.1.0,
DeLTA_SR204_2,DeLTA,train,0.1.0,
DeLTA_RF314_2,DeLTA,train,0.1.0,
DeLTA_ET301_1,DeLTA,train,0.1.0,
DeLTA_Rf143_2,DeLTA,dev,0.1.0,
DeLTA_2cv26_2,DeLTA,train,0.1.0,
DeLTA_ET414_2,DeLTA,dev,0.1.0,
DeLTA_Rf113_1,DeLTA,dev,0.1.0,
DeLTA_MG322_2,DeLTA,train,0.1.0,
DeLTA_Rf222_2,DeLTA,train,0.1.0,
DeLTA_SC212_1,DeLTA,train,0.1.0,
DeLTA_ts211_1,DeLTA,dev,0.1.0,
DeLTA_RP307_1,DeLTA,test,0.1.0,
DeLTA_RS420_1,DeLTA,train,0.1.0,
DeLTA_Pl227_1,DeLTA,test,0.1.0,
DeLTA_Mc303_1,DeLTA,train,0.1.0,
DeLTA_RF337_2,DeLTA,train,0.1.0,
DeLTA_TM423_2,DeLTA,train,0.1.0,
DeLTA_sr137_1,DeLTA,train,0.1.0,
DeLTA_RF326_2,DeLTA,dev,0.1.0,
DeLTA_MG326_2,DeLTA,test,0.1.0,
DeLTA_sc140_1,DeLTA,train,0.1.0,
DeLTA_RF305_1,DeLTA,train,0.1.0,
DeLTA_SR238_2,DeLTA,dev,0.1.0,
DeLTA_Mc204_1,DeLTA,train,0.1.0,
DeLTA_TM416_2,DeLTA,test,0.1.0,
DeLTA_SM406_1,DeLTA,train,0.1.0,
DeLTA_ML208_1,DeLTA,train,0.1.0,
DeLTA_ts234_2,DeLTA,test,0.1.0,
DeLTA_CT402_2,DeLTA,dev,0.1.0,
DeLTA_Rf217_1,DeLTA,train,0.1.0,
DeLTA_MG330_2,DeLTA,train,0.1.0,
DeLTA_NP148_2,DeLTA,train,0.1.0,
DeLTA_tm123_1,DeLTA,dev,0.1.0,
DeLTA_Rs201_1,DeLTA,train,0.1.0,
DeLTA_Rs328_1,DeLTA,train,0.1.0,
DeLTA_SM414_1,DeLTA,train,0.1.0,
DeLTA_Rp139_2,DeLTA,dev,0.1.0,
DeLTA_sc112_1,DeLTA,test,0.1.0,
DeLTA_ET119_2,DeLTA,test,0.1.0,
DeLTA_NP146_2,DeLTA,train,0.1.0,
DeLTA_Rs321_2,DeLTA,dev,0.1.0,
DeLTA_Rp138_3,DeLTA,test,0.1.0,
DeLTA_RP316_2,DeLTA,train,0.1.0,
DeLTA_tm204_2,DeLTA,train,0.1.0,
DeLTA_CT201_2,DeLTA,train,0.1.0,
DeLTA_MG315_2,DeLTA,train,0.1.0,
DeLTA_RS429_1,DeLTA,test,0.1.0,
DeLTA_tm214_1,DeLTA,train,0.1.0,
DeLTA_SM420_2,DeLTA,dev,0.1.0,
DeLTA_ML208_2,DeLTA,train,0.1.0,
DeLTA_Mc320_1,DeLTA,test,0.1.0,
DeLTA_TS532_2,DeLTA,test,0.1.0,
DeLTA_CT521_2,DeLTA,train,0.1.0,
DeLTA_RS423_1,DeLTA,train,0.1.0,
DeLTA_ET314_1,DeLTA,train,0.1.0,
DeLTA_Rs211_1,DeLTA,train,0.1.0,
DeLTA_PL410_2,DeLTA,train,0.1.0,
DeLTA_ts220_2,DeLTA,train,0.1.0,
DeLTA_Rs117_1,DeLTA,train,0.1.0,
DeLTA_MC519_2,DeLTA,train,0.1.0,
DeLTA_CT310_1,DeLTA,train,0.1.0,
DeLTA_SR236_1,DeLTA,train,0.1.0,
DeLTA_Mc418_1,DeLTA,train,0.1.0,
DeLTA_NP116_1,DeLTA,train,0.1.0,
DeLTA_Pl206_1,DeLTA,dev,0.1.0,
DeLTA_ET302_2,DeLTA,train,0.1.0,
DeLTA_Pl213_3,DeLTA,train,0.1.0,
DeLTA_SM403_2,DeLTA,train,0.1.0,
DeLTA_CT411_1,DeLTA,train,0.1.0,
DeLTA_Pl227_2,DeLTA,train,0.1.0,
DeLTA_tm122_2,DeLTA,train,0.1.0,
DeLTA_SC226_2,DeLTA,train,0.1.0,
DeLTA_Rp103_1,DeLTA,dev,0.1.0,
DeLTA_MG111_2,DeLTA,train,0.1.0,
DeLTA_MG321_2,DeLTA,train,0.1.0,
DeLTA_PL336_1,DeLTA,train,0.1.0,
DeLTA_MG204_2,DeLTA,train,0.1.0,
DeLTA_RS437_1,DeLTA,train,0.1.0,
DeLTA_Rs127_2,DeLTA,test,0.1.0,
DeLTA_Rs230_2,DeLTA,train,0.1.0,
DeLTA_ET431_1,DeLTA,dev,0.1.0,
DeLTA_Mc401_1,DeLTA,train,0.1.0,
DeLTA_ts303_1,DeLTA,train,0.1.0,
DeLTA_ET205_1,DeLTA,train,0.1.0,
DeLTA_tm332_2,DeLTA,train,0.1.0,
DeLTA_tm220_1,DeLTA,train,0.1.0,
DeLTA_Mc106_3,DeLTA,train,0.1.0,
DeLTA_Rf212_1,DeLTA,train,0.1.0,
DeLTA_Rf125_1,DeLTA,train,0.1.0,
DeLTA_NP134_2,DeLTA,dev,0.1.0,
DeLTA_MG116_2,DeLTA,train,0.1.0,
DeLTA_SM405_2,DeLTA,train,0.1.0,
DeLTA_CT110_1,DeLTA,train,0.1.0,
DeLTA_cp17_2,DeLTA,train,0.1.0,
DeLTA_bib15_2,DeLTA,train,0.1.0,
DeLTA_MG316_2,DeLTA,train,0.1.0,
DeLTA_ET207_2,DeLTA,test,0.1.0,
DeLTA_Rf116_1,DeLTA,train,0.1.0,
DeLTA_RF325_2,DeLTA,test,0.1.0,
DeLTA_Mc319_2,DeLTA,train,0.1.0,
DeLTA_Rf129_1,DeLTA,train,0.1.0,
DeLTA_Rs218_2,DeLTA,train,0.1.0,
DeLTA_Mc410_1,DeLTA,train,0.1.0,
DeLTA_Ts411_2,DeLTA,test,0.1.0,
DeLTA_CT309_3,DeLTA,train,0.1.0,
DeLTA_MG311_2,DeLTA,train,0.1.0,
DeLTA_CT401_1,DeLTA,train,0.1.0,
DeLTA_ts213_1,DeLTA,train,0.1.0,
DeLTA_ts237_1,DeLTA,train,0.1.0,
DeLTA_RF317_1,DeLTA,train,0.1.0,
DeLTA_Rf203_1,DeLTA,test,0.1.0,
DeLTA_Rf111_1,DeLTA,dev,0.1.0,
DeLTA_MC513_1,DeLTA,train,0.1.0,
DeLTA_SR245_1,DeLTA,train,0.1.0,
DeLTA_sr114_2,DeLTA,train,0.1.0,
DeLTA_NP111_1,DeLTA,train,0.1.0,
DeLTA_Rs219_1,DeLTA,train,0.1.0,
DeLTA_SC216_1,DeLTA,train,0.1.0,
DeLTA_CT516_1,DeLTA,dev,0.1.0,
DeLTA_Rp213_2,DeLTA,train,0.1.0,
DeLTA_Rs303_1,DeLTA,test,0.1.0,
DeLTA_PL407_2,DeLTA,train,0.1.0,
DeLTA_Pl228_2,DeLTA,train,0.1.0,
DeLTA_CT544_2,DeLTA,train,0.1.0,
DeLTA_NP128_1,DeLTA,dev,0.1.0,
DeLTA_ET406_1,DeLTA,test,0.1.0,
DeLTA_ET422_1,DeLTA,dev,0.1.0,
DeLTA_SM520_2,DeLTA,train,0.1.0,
DeLTA_NP163_2,DeLTA,test,0.1.0,
DeLTA_tm322_2,DeLTA,train,0.1.0,
DeLTA_bib11_2,DeLTA,train,0.1.0,
DeLTA_ML133_4,DeLTA,train,0.1.0,
DeLTA_MG202_2,DeLTA,train,0.1.0,
DeLTA_CT543_2,DeLTA,test,0.1.0,
DeLTA_ts317_2,DeLTA,dev,0.1.0,
DeLTA_Rf120_1,DeLTA,train,0.1.0,
DeLTA_Rs315_2,DeLTA,train,0.1.0,
DeLTA_NP156_1,DeLTA,dev,0.1.0,
DeLTA_tm220_2,DeLTA,dev,0.1.0,
DeLTA_CT512_1,DeLTA,train,0.1.0,
DeLTA_Mc324_1,DeLTA,train,0.1.0,
DeLTA_ML111_7,DeLTA,train,0.1.0,
DeLTA_sr101_2,DeLTA,test,0.1.0,
DeLTA_ML206_1,DeLTA,train,0.1.0,
DeLTA_ts223_2,DeLTA,train,0.1.0,
DeLTA_SM403_1,DeLTA,train,0.1.0,
DeLTA_Mc406_2,DeLTA,train,0.1.0,
DeLTA_tm201_2,DeLTA,train,0.1.0,
DeLTA_cv35_1,DeLTA,train,0.1.0,
DeLTA_sc116_1,DeLTA,train,0.1.0,
DeLTA_Rs331_1,DeLTA,train,0.1.0,
DeLTA_SR246_1,DeLTA,train,0.1.0,
DeLTA_TM412_1,DeLTA,test,0.1.0,
DeLTA_sr128_3,DeLTA,train,0.1.0,
DeLTA_MC526_1,DeLTA,train,0.1.0,
DeLTA_cp21_2,DeLTA,train,0.1.0,
DeLTA_Ts417_1,DeLTA,test,0.1.0,
DeLTA_RF331_1,DeLTA,dev,0.1.0,
DeLTA_Ts422_2,DeLTA,test,0.1.0,
DeLTA_RF301_3,DeLTA,dev,0.1.0,
DeLTA_SM404_1,DeLTA,train,0.1.0,
DeLTA_tm330_1,DeLTA,train,0.1.0,
DeLTA_tm309_4,DeLTA,train,0.1.0,
DeLTA_PL406_2,DeLTA,train,0.1.0,
DeLTA_PL335_2,DeLTA,train,0.1.0,
DeLTA_m27_2,DeLTA,test,0.1.0,
DeLTA_CT533_1,DeLTA,train,0.1.0,
DeLTA_CT517_2,DeLTA,train,0.1.0,
DeLTA_RS426_2,DeLTA,test,0.1.0,
DeLTA_RS415_2,DeLTA,test,0.1.0,
DeLTA_SR227_1,DeLTA,train,0.1.0,
DeLTA_Rp206_2,DeLTA,train,0.1.0,
DeLTA_sc141_1,DeLTA,train,0.1.0,
DeLTA_Rf218_3,DeLTA,train,0.1.0,
DeLTA_TS541_2,DeLTA,train,0.1.0,
DeLTA_Rs116_2,DeLTA,train,0.1.0,
DeLTA_SM401_1,DeLTA,train,0.1.0,
DeLTA_Rp126_2,DeLTA,dev,0.1.0,
DeLTA_NP140_2,DeLTA,test,0.1.0,
DeLTA_NP150_1,DeLTA,train,0.1.0,
DeLTA_tm230_1,DeLTA,train,0.1.0,
DeLTA_m25_1,DeLTA,train,0.1.0,
DeLTA_Ts426_2,DeLTA,dev,0.1.0,
DeLTA_NP158_1,DeLTA,test,0.1.0,
DeLTA_Rs320_1,DeLTA,test,0.1.0,
DeLTA_tm229_2,DeLTA,train,0.1.0,
DeLTA_PL435_2,DeLTA,dev,0.1.0,
DeLTA_Mc310_1,DeLTA,train,0.1.0,
DeLTA_MC515_1,DeLTA,train,0.1.0,
DeLTA_Mc121_2,DeLTA,train,0.1.0,
DeLTA_ts310_1,DeLTA,test,0.1.0,
DeLTA_Rs329_1,DeLTA,train,0.1.0,
DeLTA_tm117_2,DeLTA,test,0.1.0,
DeLTA_RF304_1,DeLTA,train,0.1.0,
DeLTA_SC221_1,DeLTA,train,0.1.0,
DeLTA_ET123_2,DeLTA,dev,0.1.0,
DeLTA_MG101_2,DeLTA,train,0.1.0,
DeLTA_ET310_2,DeLTA,train,0.1.0,
DeLTA_Mc404_1,DeLTA,train,0.1.0,
DeLTA_SR226_2,DeLTA,train,0.1.0,
DeLTA_tm331_2,DeLTA,dev,0.1.0,
DeLTA_m25_2,DeLTA,train,0.1.0,
DeLTA_TS505_2,DeLTA,train,0.1.0,
DeLTA_sr145_3,DeLTA,train,0.1.0,
DeLTA_ML204_1,DeLTA,train,0.1.0,
DeLTA_Rp129_1,DeLTA,test,0.1.0,
DeLTA_ET312_1,DeLTA,train,0.1.0,
DeLTA_ET401_1,DeLTA,train,0.1.0,
DeLTA_Mc331_2,DeLTA,train,0.1.0,
DeLTA_cv27_1,DeLTA,dev,0.1.0,
DeLTA_TS524_1,DeLTA,train,0.1.0,
DeLTA_CT102_1,DeLTA,dev,0.1.0,
DeLTA_SR214_2,DeLTA,train,0.1.0,
DeLTA_sr139_2,DeLTA,train,0.1.0,
DeLTA_ET428_1,DeLTA,test,0.1.0,
DeLTA_MC528_2,DeLTA,test,0.1.0,
DeLTA_PL419_1,DeLTA,train,0.1.0,
DeLTA_TM408_2,DeLTA,train,0.1.0,
DeLTA_PL313_1,DeLTA,train,0.1.0,
DeLTA_CT103_2,DeLTA,train,0.1.0,
DeLTA_Pl221_2,DeLTA,train,0.1.0,
DeLTA_ts219_1,DeLTA,train,0.1.0,
DeLTA_cp14_2,DeLTA,train,0.1.0,
DeLTA_TS517_1,DeLTA,train,0.1.0,
DeLTA_Rs111_2,DeLTA,train,0.1.0,
DeLTA_Mc203_2,DeLTA,train,0.1.0,
DeLTA_SM420_1,DeLTA,train,0.1.0,
DeLTA_PL420_2,DeLTA,dev,0.1.0,
DeLTA_sc137_2,DeLTA,train,0.1.0,
DeLTA_RS430_1,DeLTA,test,0.1.0,
DeLTA_RP308_1,DeLTA,train,0.1.0,
DeLTA_Rs111_1,DeLTA,test,0.1.0,
DeLTA_ts229_2,DeLTA,train,0.1.0,
DeLTA_ET108_1,DeLTA,test,0.1.0,
DeLTA_Rs107_1,DeLTA,train,0.1.0,
DeLTA_ET117_2,DeLTA,train,0.1.0,
DeLTA_ET408_1,DeLTA,test,0.1.0,
DeLTA_RF334_2,DeLTA,train,0.1.0,
DeLTA_CT525_2,DeLTA,train,0.1.0,
DeLTA_Rp115_2,DeLTA,train,0.1.0,
DeLTA_SR238_1,DeLTA,train,0.1.0,
DeLTA_SR220_2,DeLTA,train,0.1.0,
DeLTA_SR242_1,DeLTA,train,0.1.0,
DeLTA_PL337_2,DeLTA,train,0.1.0,
DeLTA_MG306_2,DeLTA,dev,0.1.0,
DeLTA_tm115_1,DeLTA,test,0.1.0,
DeLTA_Rs209_1,DeLTA,test,0.1.0,
DeLTA_Mc310_2,DeLTA,dev,0.1.0,
DeLTA_tm110_2,DeLTA,train,0.1.0,
DeLTA_m14_1,DeLTA,test,0.1.0,
DeLTA_RS405_1,DeLTA,train,0.1.0,
DeLTA_CT524_2,DeLTA,train,0.1.0,
DeLTA_SC219_2,DeLTA,dev,0.1.0,
DeLTA_SM306_2,DeLTA,train,0.1.0,
DeLTA_tm334_1,DeLTA,train,0.1.0,
DeLTA_tm301_1,DeLTA,train,0.1.0,
DeLTA_Rf222_3,DeLTA,train,0.1.0,
DeLTA_tm219_2,DeLTA,train,0.1.0,
DeLTA_TM440_2,DeLTA,train,0.1.0,
DeLTA_Rs314_2,DeLTA,train,0.1.0,
DeLTA_2cv21_2,DeLTA,train,0.1.0,
DeLTA_cp12_2,DeLTA,train,0.1.0,
DeLTA_PL101_2,DeLTA,train,0.1.0,
DeLTA_Rp232_2,DeLTA,train,0.1.0,
DeLTA_sr121_1,DeLTA,test,0.1.0,
DeLTA_TS506_1,DeLTA,train,0.1.0,
DeLTA_SM407_1,DeLTA,train,0.1.0,
DeLTA_tm318_2,DeLTA,test,0.1.0,
DeLTA_m17_1,DeLTA,train,0.1.0,
DeLTA_tm329_1,DeLTA,train,0.1.0,
DeLTA_Rs105_2,DeLTA,train,0.1.0,
DeLTA_Rp105_2,DeLTA,train,0.1.0,
DeLTA_Mc122_2,DeLTA,train,0.1.0,
DeLTA_bib16_1,DeLTA,train,0.1.0,
DeLTA_tm330_2,DeLTA,train,0.1.0,
DeLTA_Rf214_1,DeLTA,test,0.1.0,
DeLTA_2cv23_1,DeLTA,dev,0.1.0,
DeLTA_RP303_2,DeLTA,train,0.1.0,
DeLTA_PL322_2,DeLTA,train,0.1.0,
DeLTA_cp0_2,DeLTA,train,0.1.0,
DeLTA_CT507_1,DeLTA,test,0.1.0,
DeLTA_tm111_2,DeLTA,train,0.1.0,
DeLTA_CT514_1,DeLTA,train,0.1.0,
DeLTA_Rs232_2,DeLTA,test,0.1.0,
DeLTA_SM414_2,DeLTA,train,0.1.0,
DeLTA_PL317_1,DeLTA,train,0.1.0,
DeLTA_Rp133_1,DeLTA,train,0.1.0,
DeLTA_ET104_2,DeLTA,train,0.1.0,
DeLTA_Rf125_2,DeLTA,train,0.1.0,
DeLTA_RF301_6,DeLTA,dev,0.1.0,
DeLTA_CT534_1,DeLTA,test,0.1.0,
DeLTA_Rp131_2,DeLTA,test,0.1.0,
DeLTA_CT326_1,DeLTA,train,0.1.0,
DeLTA_ET104_1,DeLTA,train,0.1.0,
DeLTA_2cv25_1,DeLTA,dev,0.1.0,
DeLTA_Rs101_1,DeLTA,train,0.1.0,
DeLTA_sr125_2,DeLTA,train,0.1.0,
DeLTA_Mc334_1,DeLTA,train,0.1.0,
DeLTA_cv12_1,DeLTA,train,0.1.0,
DeLTA_MC516_1,DeLTA,dev,0.1.0,
DeLTA_Ts420_1,DeLTA,train,0.1.0,
DeLTA_CT305_1,DeLTA,train,0.1.0,
DeLTA_sr125_3,DeLTA,dev,0.1.0,
DeLTA_SR206_2,DeLTA,dev,0.1.0,
DeLTA_PL333_2,DeLTA,test,0.1.0,
DeLTA_Rp201_1,DeLTA,dev,0.1.0,
DeLTA_MG302_1,DeLTA,train,0.1.0,
DeLTA_SM311_2,DeLTA,test,0.1.0,
DeLTA_RF334_1,DeLTA,test,0.1.0,
DeLTA_TS518_1,DeLTA,train,0.1.0,
DeLTA_SC215_1,DeLTA,train,0.1.0,
DeLTA_Rp217_2,DeLTA,train,0.1.0,
DeLTA_sr108_2,DeLTA,train,0.1.0,
DeLTA_tm316_1,DeLTA,train,0.1.0,
DeLTA_ML132_1,DeLTA,train,0.1.0,
DeLTA_tm117_1,DeLTA,train,0.1.0,
DeLTA_NP117_2,DeLTA,train,0.1.0,
DeLTA_bib4_1,DeLTA,train,0.1.0,
DeLTA_MG302_2,DeLTA,train,0.1.0,
DeLTA_Rp204_1,DeLTA,test,0.1.0,
DeLTA_2cv25_2,DeLTA,train,0.1.0,
DeLTA_PL315_2,DeLTA,train,0.1.0,
DeLTA_Rs221_1,DeLTA,train,0.1.0,
DeLTA_cv42_1,DeLTA,dev,0.1.0,
DeLTA_PL404_1,DeLTA,train,0.1.0,
DeLTA_MG301_1,DeLTA,train,0.1.0,
DeLTA_PL318_2,DeLTA,train,0.1.0,
DeLTA_SC223_1,DeLTA,dev,0.1.0,
DeLTA_SR212_1,DeLTA,train,0.1.0,
DeLTA_2cv41_2,DeLTA,test,0.1.0,
DeLTA_Mc317_1,DeLTA,dev,0.1.0,
DeLTA_cp2_1,DeLTA,test,0.1.0,
DeLTA_2cv11_1,DeLTA,train,0.1.0,
DeLTA_CT413_1,DeLTA,dev,0.1.0,
DeLTA_Ts418_1,DeLTA,test,0.1.0,
DeLTA_PL422_2,DeLTA,test,0.1.0,
DeLTA_m18_1,DeLTA,train,0.1.0,
DeLTA_Pl205_1,DeLTA,train,0.1.0,
DeLTA_PL438_2,DeLTA,train,0.1.0,
DeLTA_sc124_2,DeLTA,train,0.1.0,
DeLTA_SR226_1,DeLTA,train,0.1.0,
DeLTA_Ts424_1,DeLTA,train,0.1.0,
DeLTA_Rs125_1,DeLTA,train,0.1.0,
DeLTA_SM303_2,DeLTA,dev,0.1.0,
DeLTA_TS525_2,DeLTA,train,0.1.0,
DeLTA_ts320_2,DeLTA,dev,0.1.0,
DeLTA_Rs230_1,DeLTA,train,0.1.0,
DeLTA_cp00_2,DeLTA,train,0.1.0,
DeLTA_RS416_2,DeLTA,dev,0.1.0,
DeLTA_Ts407_1,DeLTA,train,0.1.0,
DeLTA_Rs315_1,DeLTA,train,0.1.0,
DeLTA_CT107_1,DeLTA,train,0.1.0,
DeLTA_Mc104_1,DeLTA,train,0.1.0,
DeLTA_Rf206_2,DeLTA,train,0.1.0,
DeLTA_tm231_2,DeLTA,train,0.1.0,
DeLTA_MG118_1,DeLTA,dev,0.1.0,
DeLTA_Rs330_2,DeLTA,train,0.1.0,
DeLTA_RS438_1,DeLTA,train,0.1.0,
DeLTA_m213_1,DeLTA,train,0.1.0,
DeLTA_Mc109_1,DeLTA,train,0.1.0,
DeLTA_Mc308_1,DeLTA,train,0.1.0,
DeLTA_Ts408_1,DeLTA,test,0.1.0,
DeLTA_ts203_2,DeLTA,train,0.1.0,
DeLTA_CT309_2,DeLTA,train,0.1.0,
DeLTA_RP303_1,DeLTA,train,0.1.0,
DeLTA_CT517_3,DeLTA,train,0.1.0,
DeLTA_Rf131_1,DeLTA,train,0.1.0,
DeLTA_PL414_2,DeLTA,train,0.1.0,
DeLTA_RF312_2,DeLTA,train,0.1.0,
DeLTA_CT109_2,DeLTA,train,0.1.0,
DeLTA_tm319_1,DeLTA,train,0.1.0,
DeLTA_TS511_1,DeLTA,test,0.1.0,
DeLTA_Mc330_2,DeLTA,train,0.1.0,
DeLTA_Mc336_1,DeLTA,dev,0.1.0,
DeLTA_Rp120_1,DeLTA,train,0.1.0,
DeLTA_ts205_1,DeLTA,test,0.1.0,
DeLTA_RF326_1,DeLTA,test,0.1.0,
DeLTA_PL201_2,DeLTA,dev,0.1.0,
DeLTA_ML131_7,DeLTA,test,0.1.0,
DeLTA_RF320_1,DeLTA,dev,0.1.0,
DeLTA_SR205_2,DeLTA,train,0.1.0,
DeLTA_Mc311_1,DeLTA,train,0.1.0,
DeLTA_Mc407_1,DeLTA,dev,0.1.0,
DeLTA_MC536_2,DeLTA,train,0.1.0,
DeLTA_sr130_1,DeLTA,dev,0.1.0,
DeLTA_2cv22_2,DeLTA,train,0.1.0,
DeLTA_MC516_2,DeLTA,train,0.1.0,
DeLTA_RS439_1,DeLTA,train,0.1.0,
DeLTA_ML111_6,DeLTA,test,0.1.0,
DeLTA_MG208_2,DeLTA,train,0.1.0,
DeLTA_MC535_2,DeLTA,train,0.1.0,
DeLTA_SM307_1,DeLTA,test,0.1.0,
DeLTA_RF330_2,DeLTA,test,0.1.0,
DeLTA_SM409_2,DeLTA,test,0.1.0,
DeLTA_RP330_2,DeLTA,train,0.1.0,
DeLTA_Rs317_1,DeLTA,train,0.1.0,
DeLTA_TM441_1,DeLTA,test,0.1.0,
DeLTA_ts205_2,DeLTA,train,0.1.0,
DeLTA_Rf212_2,DeLTA,train,0.1.0,
DeLTA_Mc112_2,DeLTA,test,0.1.0,
DeLTA_Mc119_2,DeLTA,train,0.1.0,
DeLTA_Rp136_1,DeLTA,train,0.1.0,
DeLTA_sc111_1,DeLTA,train,0.1.0,
DeLTA_Ts415_1,DeLTA,train,0.1.0,
DeLTA_cv43_1,DeLTA,train,0.1.0,
DeLTA_NP140_1,DeLTA,train,0.1.0,
DeLTA_SM304_1,DeLTA,train,0.1.0,
DeLTA_RS419_2,DeLTA,train,0.1.0,
DeLTA_Rp104_2,DeLTA,dev,0.1.0,
DeLTA_RF341_2,DeLTA,dev,0.1.0,
DeLTA_ts318_1,DeLTA,train,0.1.0,
DeLTA_Mc414_1,DeLTA,train,0.1.0,
DeLTA_ts231_1,DeLTA,train,0.1.0,
DeLTA_RF336_1,DeLTA,train,0.1.0,
DeLTA_2cv61_2,DeLTA,train,0.1.0,
DeLTA_CT501_2,DeLTA,test,0.1.0,
DeLTA_MC504_1,DeLTA,train,0.1.0,
DeLTA_Rf221_3,DeLTA,train,0.1.0,
DeLTA_SM411_1,DeLTA,train,0.1.0,
DeLTA_bib2_2,DeLTA,dev,0.1.0,
DeLTA_m212_1,DeLTA,test,0.1.0,
DeLTA_CT405_2,DeLTA,dev,0.1.0,
DeLTA_Rs222_1,DeLTA,train,0.1.0,
DeLTA_CT527_2,DeLTA,test,0.1.0,
DeLTA_Mc127_2,DeLTA,train,0.1.0,
DeLTA_st106_1,DeLTA,test,0.1.0,
DeLTA_PL429_1,DeLTA,train,0.1.0,
DeLTA_Rp127_1,DeLTA,train,0.1.0,
DeLTA_RS404_2,DeLTA,dev,0.1.0,
DeLTA_Rf207_2,DeLTA,train,0.1.0,
DeLTA_RS432_2,DeLTA,test,0.1.0,
DeLTA_Mc409_1,DeLTA,test,0.1.0,
DeLTA_CT523_2,DeLTA,train,0.1.0,
DeLTA_TS514_2,DeLTA,train,0.1.0,
DeLTA_TM421_2,DeLTA,train,0.1.0,
DeLTA_Rs311_2,DeLTA,train,0.1.0,
DeLTA_sc125_1,DeLTA,dev,0.1.0,
DeLTA_Rf216_1,DeLTA,dev,0.1.0,
DeLTA_ML205_2,DeLTA,test,0.1.0,
DeLTA_PL418_2,DeLTA,train,0.1.0,
DeLTA_ET411_2,DeLTA,dev,0.1.0,
DeLTA_sr120_2,DeLTA,train,0.1.0,
DeLTA_cv42_2,DeLTA,train,0.1.0,
DeLTA_PL312_2,DeLTA,train,0.1.0,
DeLTA_Rs318_2,DeLTA,train,0.1.0,
DeLTA_Rf120_2,DeLTA,train,0.1.0,
DeLTA_Rf213_2,DeLTA,train,0.1.0,
DeLTA_MG219_1,DeLTA,train,0.1.0,
DeLTA_PL330_2,DeLTA,train,0.1.0,
DeLTA_sc113_1,DeLTA,test,0.1.0,
DeLTA_MG312_1,DeLTA,test,0.1.0,
DeLTA_tm301_2,DeLTA,test,0.1.0,
DeLTA_ET436_1,DeLTA,train,0.1.0,
DeLTA_sc128_1,DeLTA,train,0.1.0,
DeLTA_2cv22_1,DeLTA,train,0.1.0,
DeLTA_sr107_1,DeLTA,train,0.1.0,
DeLTA_RS421_2,DeLTA,train,0.1.0,
DeLTA_ts302_2,DeLTA,dev,0.1.0,
DeLTA_2cv34_2,DeLTA,dev,0.1.0,
DeLTA_ML204_2,DeLTA,train,0.1.0,
DeLTA_TM423_1,DeLTA,train,0.1.0,
DeLTA_Mc120_2,DeLTA,dev,0.1.0,
DeLTA_cp16_1,DeLTA,train,0.1.0,
DeLTA_Rp135_2,DeLTA,train,0.1.0,
DeLTA_PL314_2,DeLTA,train,0.1.0,
DeLTA_CT531_2,DeLTA,dev,0.1.0,
DeLTA_Mc325_1,DeLTA,dev,0.1.0,
DeLTA_Rf212_3,DeLTA,train,0.1.0,
DeLTA_SC214_1,DeLTA,test,0.1.0,
DeLTA_Rp114_3,DeLTA,train,0.1.0,
DeLTA_NP117_1,DeLTA,train,0.1.0,
DeLTA_Mc325_2,DeLTA,dev,0.1.0,
DeLTA_sc141_2,DeLTA,train,0.1.0,
DeLTA_ET213_2,DeLTA,train,0.1.0,
DeLTA_cv37_1,DeLTA,train,0.1.0,
DeLTA_Rp227_2,DeLTA,train,0.1.0,
DeLTA_Rs304_2,DeLTA,train,0.1.0,
DeLTA_Mc335_1,DeLTA,train,0.1.0,
DeLTA_NP127_1,DeLTA,dev,0.1.0,
DeLTA_tm121_2,DeLTA,dev,0.1.0,
DeLTA_Mc112_3,DeLTA,train,0.1.0,
DeLTA_tm311_2,DeLTA,train,0.1.0,
DeLTA_ts315_2,DeLTA,train,0.1.0,
DeLTA_sr131_2,DeLTA,train,0.1.0,
DeLTA_Rf130_2,DeLTA,dev,0.1.0,
DeLTA_ts202_1,DeLTA,train,0.1.0,
DeLTA_Rf220_1,DeLTA,train,0.1.0,
DeLTA_ts310_2,DeLTA,train,0.1.0,
DeLTA_TS515_2,DeLTA,dev,0.1.0,
DeLTA_AM02_1,DeLTA,train,0.1.0,
DeLTA_SM301_2,DeLTA,train,0.1.0,
DeLTA_RP320_1,DeLTA,test,0.1.0,
DeLTA_Rs221_2,DeLTA,dev,0.1.0,
DeLTA_MG217_1,DeLTA,train,0.1.0,
DeLTA_ET107_1,DeLTA,train,0.1.0,
DeLTA_ET427_2,DeLTA,train,0.1.0,
DeLTA_Rp233_1,DeLTA,train,0.1.0,
DeLTA_RF304_2,DeLTA,train,0.1.0,
DeLTA_TS523_1,DeLTA,train,0.1.0,
DeLTA_tm320_2,DeLTA,train,0.1.0,
DeLTA_TM435_2,DeLTA,train,0.1.0,
DeLTA_SC223_2,DeLTA,train,0.1.0,
DeLTA_ML132_3,DeLTA,dev,0.1.0,
DeLTA_m12_2,DeLTA,test,0.1.0,
DeLTA_sr117_1,DeLTA,train,0.1.0,
DeLTA_Rs214_1,DeLTA,train,0.1.0,
DeLTA_SM310_1,DeLTA,train,0.1.0,
DeLTA_CT309_1,DeLTA,train,0.1.0,
DeLTA_CT415_2,DeLTA,test,0.1.0,
DeLTA_MG105_1,DeLTA,train,0.1.0,
DeLTA_SR202_2,DeLTA,test,0.1.0,
DeLTA_tm101_1,DeLTA,train,0.1.0,
DeLTA_PL101_1,DeLTA,test,0.1.0,
DeLTA_Pl102_2,DeLTA,train,0.1.0,
DeLTA_RF332_2,DeLTA,train,0.1.0,
DeLTA_Ts416_1,DeLTA,dev,0.1.0,
DeLTA_RP329_1,DeLTA,train,0.1.0,
DeLTA_Rs124_1,DeLTA,train,0.1.0,
DeLTA_CT502_1,DeLTA,train,0.1.0,
DeLTA_PL322_1,DeLTA,test,0.1.0,
DeLTA_PL423_2,DeLTA,test,0.1.0,
DeLTA_CT536_2,DeLTA,test,0.1.0,
DeLTA_Mc406_1,DeLTA,train,0.1.0,
DeLTA_NP163_1,DeLTA,train,0.1.0,
DeLTA_sr119_1,DeLTA,train,0.1.0,
DeLTA_sc103_1,DeLTA,test,0.1.0,
DeLTA_ET423_1,DeLTA,train,0.1.0,
DeLTA_MG314_2,DeLTA,train,0.1.0,
DeLTA_sr134_2,DeLTA,train,0.1.0,
DeLTA_RF316_1,DeLTA,train,0.1.0,
DeLTA_sc121_1,DeLTA,train,0.1.0,
DeLTA_PL422_1,DeLTA,train,0.1.0,
DeLTA_TM435_1,DeLTA,dev,0.1.0,
DeLTA_ML103_2,DeLTA,test,0.1.0,
DeLTA_PL340_2,DeLTA,train,0.1.0,
DeLTA_Rf117_2,DeLTA,train,0.1.0,
DeLTA_ET303_2,DeLTA,dev,0.1.0,
DeLTA_tm205_2,DeLTA,test,0.1.0,
DeLTA_CT537_1,DeLTA,train,0.1.0,
DeLTA_ML106_1,DeLTA,train,0.1.0,
DeLTA_Rf226_1,DeLTA,dev,0.1.0,
DeLTA_CT521_1,DeLTA,train,0.1.0,
DeLTA_CT122_1,DeLTA,dev,0.1.0,
DeLTA_PL323_2,DeLTA,train,0.1.0,
DeLTA_CT312_2,DeLTA,train,0.1.0,
DeLTA_CT542_2,DeLTA,train,0.1.0,
DeLTA_Rf103_2,DeLTA,train,0.1.0,
DeLTA_SR234_2,DeLTA,train,0.1.0,
DeLTA_RP306_1,DeLTA,train,0.1.0,
DeLTA_RF341_1,DeLTA,dev,0.1.0,
DeLTA_Rp119_1,DeLTA,train,0.1.0,
DeLTA_m110_1,DeLTA,train,0.1.0,
DeLTA_tm105_2,DeLTA,train,0.1.0,
DeLTA_CT315_2,DeLTA,train,0.1.0,
DeLTA_Rs313_1,DeLTA,train,0.1.0,
DeLTA_sc107_1,DeLTA,dev,0.1.0,
DeLTA_Rp113_1,DeLTA,train,0.1.0,
DeLTA_ET405_2,DeLTA,train,0.1.0,
DeLTA_CT535_2,DeLTA,train,0.1.0,
DeLTA_ts215_2,DeLTA,train,0.1.0,
DeLTA_MC505_1,DeLTA,train,0.1.0,
DeLTA_ET403_1,DeLTA,train,0.1.0,
DeLTA_Pl103_1,DeLTA,train,0.1.0,
DeLTA_Rp102_2,DeLTA,train,0.1.0,
DeLTA_ML131_2,DeLTA,test,0.1.0,
DeLTA_TS526_1,DeLTA,train,0.1.0,
DeLTA_Rs202_1,DeLTA,dev,0.1.0,
DeLTA_tm112_2,DeLTA,test,0.1.0,
DeLTA_m16_2,DeLTA,train,0.1.0,
DeLTA_tm107_1,DeLTA,train,0.1.0,
DeLTA_CT117_1,DeLTA,test,0.1.0,
DeLTA_ET306_1,DeLTA,dev,0.1.0,
DeLTA_cp17_1,DeLTA,train,0.1.0,
DeLTA_ts202_2,DeLTA,test,0.1.0,
DeLTA_SM511_1,DeLTA,train,0.1.0,
DeLTA_ML205_1,DeLTA,train,0.1.0,
DeLTA_MG308_2,DeLTA,train,0.1.0,
DeLTA_CT313_2,DeLTA,test,0.1.0,
DeLTA_Mc108_2,DeLTA,test,0.1.0,
DeLTA_SM516_1,DeLTA,dev,0.1.0,
DeLTA_SR245_2,DeLTA,train,0.1.0,
DeLTA_Mc206_1,DeLTA,train,0.1.0,
DeLTA_SR210_2,DeLTA,dev,0.1.0,
DeLTA_tm226_2,DeLTA,train,0.1.0,
DeLTA_Rs319_1,DeLTA,dev,0.1.0,
DeLTA_Rf105_3,DeLTA,train,0.1.0,
DeLTA_ET415_1,DeLTA,train,0.1.0,
DeLTA_tm329_2,DeLTA,train,0.1.0,
DeLTA_SM516_2,DeLTA,train,0.1.0,
DeLTA_Rf124_1,DeLTA,dev,0.1.0,
DeLTA_PL436_1,DeLTA,train,0.1.0,
DeLTA_CT510_2,DeLTA,train,0.1.0,
DeLTA_sc102_1,DeLTA,train,0.1.0,
DeLTA_sc112_2,DeLTA,train,0.1.0,
DeLTA_NP109_1,DeLTA,train,0.1.0,
DeLTA_CT415_1,DeLTA,train,0.1.0,
DeLTA_Rp220_1,DeLTA,train,0.1.0,
DeLTA_sr103_1,DeLTA,train,0.1.0,
DeLTA_RS416_1,DeLTA,train,0.1.0,
DeLTA_MG310_1,DeLTA,test,0.1.0,
DeLTA_MC511_2,DeLTA,dev,0.1.0,
DeLTA_RS409_2,DeLTA,train,0.1.0,
DeLTA_AM07_1,DeLTA,train,0.1.0,
DeLTA_tm334_2,DeLTA,test,0.1.0,
DeLTA_PL405_1,DeLTA,train,0.1.0,
DeLTA_Rp121_2,DeLTA,dev,0.1.0,
DeLTA_NP142_1,DeLTA,train,0.1.0,
DeLTA_PL425_1,DeLTA,train,0.1.0,
DeLTA_Rs323_2,DeLTA,train,0.1.0,
DeLTA_TM404_2,DeLTA,train,0.1.0,
DeLTA_MG105_2,DeLTA,train,0.1.0,
DeLTA_MG206_2,DeLTA,test,0.1.0,
DeLTA_tm325_2,DeLTA,test,0.1.0,
DeLTA_CT110_2,DeLTA,test,0.1.0,
DeLTA_NP132_2,DeLTA,train,0.1.0,
DeLTA_m13_2,DeLTA,train,0.1.0,
DeLTA_tm335_1,DeLTA,test,0.1.0,
DeLTA_SC219_1,DeLTA,train,0.1.0,
DeLTA_Rf128_2,DeLTA,train,0.1.0,
DeLTA_Rs118_1,DeLTA,test,0.1.0,
DeLTA_CT325_1,DeLTA,dev,0.1.0,
DeLTA_Ts408_2,DeLTA,train,0.1.0,
DeLTA_CT530_2,DeLTA,train,0.1.0,
DeLTA_TM439_2,DeLTA,test,0.1.0,
DeLTA_Rp117_1,DeLTA,test,0.1.0,
DeLTA_m21_2,DeLTA,train,0.1.0,
DeLTA_RF329_2,DeLTA,train,0.1.0,
DeLTA_ET435_1,DeLTA,train,0.1.0,
DeLTA_TM402_2,DeLTA,test,0.1.0,
DeLTA_RF343_1,DeLTA,train,0.1.0,
DeLTA_SM312_1,DeLTA,train,0.1.0,
DeLTA_Rf108_2,DeLTA,dev,0.1.0,
DeLTA_MG103_1,DeLTA,train,0.1.0,
DeLTA_sc130_2,DeLTA,dev,0.1.0,
DeLTA_MC530_1,DeLTA,test,0.1.0,
DeLTA_cv35_2,DeLTA,train,0.1.0,
DeLTA_RS425_2,DeLTA,train,0.1.0,
DeLTA_SR244_2,DeLTA,test,0.1.0,
DeLTA_NP149_1,DeLTA,train,0.1.0,
DeLTA_SR209_1,DeLTA,train,0.1.0,
DeLTA_PL427_2,DeLTA,train,0.1.0,
DeLTA_CT321_2,DeLTA,train,0.1.0,
DeLTA_sc116_2,DeLTA,train,0.1.0,
DeLTA_TM426_1,DeLTA,train,0.1.0,
DeLTA_PL419_2,DeLTA,dev,0.1.0,
DeLTA_SC222_2,DeLTA,dev,0.1.0,
DeLTA_Rs112_2,DeLTA,train,0.1.0,
DeLTA_CT322_1,DeLTA,train,0.1.0,
DeLTA_RS424_1,DeLTA,dev,0.1.0,
DeLTA_Rf110_2,DeLTA,test,0.1.0,
DeLTA_Rs310_2,DeLTA,train,0.1.0,
DeLTA_sc144_1,DeLTA,dev,0.1.0,
DeLTA_Rp105_3,DeLTA,train,0.1.0,
DeLTA_Mc333_2,DeLTA,train,0.1.0,
DeLTA_TS506_2,DeLTA,train,0.1.0,
DeLTA_NP116_2,DeLTA,train,0.1.0,
DeLTA_cv14_2,DeLTA,test,0.1.0,
DeLTA_CT541_1,DeLTA,train,0.1.0,
DeLTA_bib6_1,DeLTA,train,0.1.0,
DeLTA_tm206_2,DeLTA,train,0.1.0,
DeLTA_bib12_2,DeLTA,train,0.1.0,
DeLTA_tm325_1,DeLTA,train,0.1.0,
DeLTA_PL421_1,DeLTA,test,0.1.0,
DeLTA_CT507_2,DeLTA,train,0.1.0,
DeLTA_tm213_1,DeLTA,train,0.1.0,
DeLTA_Mc103_3,DeLTA,train,0.1.0,
DeLTA_TS530_1,DeLTA,train,0.1.0,
DeLTA_Mc127_1,DeLTA,train,0.1.0,
DeLTA_Rs303_2,DeLTA,train,0.1.0,
DeLTA_Rs203_2,DeLTA,test,0.1.0,
DeLTA_SM513_2,DeLTA,train,0.1.0,
DeLTA_ML206_4,DeLTA,test,0.1.0,
DeLTA_SM411_2,DeLTA,train,0.1.0,
DeLTA_ts317_1,DeLTA,dev,0.1.0,
DeLTA_sc143_2,DeLTA,train,0.1.0,
DeLTA_PL320_2,DeLTA,dev,0.1.0,
DeLTA_Pl114_1,DeLTA,train,0.1.0,
DeLTA_RF301_2,DeLTA,train,0.1.0,
DeLTA_ET417_1,DeLTA,test,0.1.0,
DeLTA_CT517_4,DeLTA,train,0.1.0,
DeLTA_cp18_1,DeLTA,train,0.1.0,
DeLTA_Rs127_1,DeLTA,train,0.1.0,
DeLTA_ET305_2,DeLTA,train,0.1.0,
DeLTA_RS407_1,DeLTA,train,0.1.0,
DeLTA_ts312_1,DeLTA,train,0.1.0,
DeLTA_PL108_1,DeLTA,dev,0.1.0,
DeLTA_SM508_1,DeLTA,test,0.1.0,
DeLTA_RP332_2,DeLTA,test,0.1.0,
DeLTA_CT523_1,DeLTA,train,0.1.0,
DeLTA_Ts419_1,DeLTA,dev,0.1.0,
DeLTA_MG218_2,DeLTA,dev,0.1.0,
DeLTA_Rs225_1,DeLTA,train,0.1.0,
DeLTA_CT408_1,DeLTA,train,0.1.0,
DeLTA_SR222_2,DeLTA,train,0.1.0,
DeLTA_RP308_2,DeLTA,train,0.1.0,
DeLTA_TS530_2,DeLTA,dev,0.1.0,
DeLTA_sc117_1,DeLTA,test,0.1.0,
DeLTA_tm321_2,DeLTA,train,0.1.0,
DeLTA_ET417_2,DeLTA,train,0.1.0,
DeLTA_ML203_3,DeLTA,train,0.1.0,
DeLTA_bib4_2,DeLTA,train,0.1.0,
DeLTA_SM413_2,DeLTA,train,0.1.0,
DeLTA_Mc320_2,DeLTA,dev,0.1.0,
DeLTA_Ts417_3,DeLTA,train,0.1.0,
DeLTA_sc102_2,DeLTA,train,0.1.0,
DeLTA_Mc110_2,DeLTA,train,0.1.0,
DeLTA_tm128_2,DeLTA,dev,0.1.0,
DeLTA_Rs219_2,DeLTA,train,0.1.0,
DeLTA_RF327_1,DeLTA,train,0.1.0,
DeLTA_MG316_1,DeLTA,test,0.1.0,
DeLTA_MG327_2,DeLTA,train,0.1.0,
DeLTA_RF328_2,DeLTA,test,0.1.0,
DeLTA_tm327_1,DeLTA,train,0.1.0,
DeLTA_Rp137_2,DeLTA,train,0.1.0,
DeLTA_PL412_1,DeLTA,dev,0.1.0,
DeLTA_MG203_2,DeLTA,test,0.1.0,
DeLTA_PL336_2,DeLTA,train,0.1.0,
DeLTA_Rp118_1,DeLTA,train,0.1.0,
DeLTA_TM408_1,DeLTA,train,0.1.0,
DeLTA_sc111_2,DeLTA,train,0.1.0,
DeLTA_SR235_2,DeLTA,train,0.1.0,
DeLTA_sc139_1,DeLTA,train,0.1.0,
DeLTA_Rp127_2,DeLTA,dev,0.1.0,
DeLTA_CT529_2,DeLTA,train,0.1.0,
DeLTA_Rp120_2,DeLTA,train,0.1.0,
DeLTA_CT411_2,DeLTA,train,0.1.0,
DeLTA_TM422_1,DeLTA,train,0.1.0,
DeLTA_tm119_1,DeLTA,train,0.1.0,
DeLTA_TS525_1,DeLTA,train,0.1.0,
DeLTA_PL326_2,DeLTA,train,0.1.0,
DeLTA_MC510_2,DeLTA,test,0.1.0,
DeLTA_Rs101_2,DeLTA,test,0.1.0,
DeLTA_Rp134_2,DeLTA,test,0.1.0,
DeLTA_bib13_2,DeLTA,train,0.1.0,
DeLTA_MC531_2,DeLTA,test,0.1.0,
DeLTA_Rp113_2,DeLTA,train,0.1.0,
DeLTA_Ts405_3,DeLTA,train,0.1.0,
DeLTA_PL415_2,DeLTA,train,0.1.0,
DeLTA_MC521_2,DeLTA,train,0.1.0,
DeLTA_RS436_2,DeLTA,train,0.1.0,
DeLTA_Pl217_1,DeLTA,train,0.1.0,
DeLTA_PL431_1,DeLTA,train,0.1.0,
DeLTA_CT108_1,DeLTA,train,0.1.0,
DeLTA_Rs215_2,DeLTA,train,0.1.0,
DeLTA_ET125_1,DeLTA,train,0.1.0,
DeLTA_RP311_2,DeLTA,train,0.1.0,
DeLTA_ET118_1,DeLTA,train,0.1.0,
DeLTA_PL341_2,DeLTA,train,0.1.0,
DeLTA_Rs227_2,DeLTA,test,0.1.0,
DeLTA_ts318_2,DeLTA,train,0.1.0,
DeLTA_TS507_2,DeLTA,train,0.1.0,
DeLTA_CT306_1,DeLTA,dev,0.1.0,
DeLTA_Pl215_1,DeLTA,train,0.1.0,
DeLTA_CT308_1,DeLTA,train,0.1.0,
DeLTA_RF311_2,DeLTA,dev,0.1.0,
DeLTA_MG116_1,DeLTA,dev,0.1.0,
DeLTA_RF338_1,DeLTA,dev,0.1.0,
DeLTA_SR207_1,DeLTA,train,0.1.0,
DeLTA_Rf122_3,DeLTA,train,0.1.0,
DeLTA_Rp136_2,DeLTA,dev,0.1.0,
DeLTA_sc106_1,DeLTA,train,0.1.0,
DeLTA_ts207_2,DeLTA,test,0.1.0,
DeLTA_PL316_2,DeLTA,train,0.1.0,
DeLTA_ET202_2,DeLTA,test,0.1.0,
DeLTA_SM416_1,DeLTA,train,0.1.0,
DeLTA_Pl230_1,DeLTA,dev,0.1.0,
DeLTA_tm104_1,DeLTA,test,0.1.0,
DeLTA_Rs207_1,DeLTA,train,0.1.0,
DeLTA_ET407_2,DeLTA,test,0.1.0,
DeLTA_ts214_2,DeLTA,test,0.1.0,
DeLTA_SR219_2,DeLTA,train,0.1.0,
DeLTA_MG104_1,DeLTA,test,0.1.0,
DeLTA_RP324_2,DeLTA,train,0.1.0,
DeLTA_tm308_2,DeLTA,train,0.1.0,
DeLTA_CT534_2,DeLTA,train,0.1.0,
DeLTA_RS418_1,DeLTA,train,0.1.0,
DeLTA_Pl219_1,DeLTA,dev,0.1.0,
DeLTA_Rs308_2,DeLTA,train,0.1.0,
DeLTA_CT314_2,DeLTA,train,0.1.0,
DeLTA_CT408_2,DeLTA,train,0.1.0,
DeLTA_CT301_2,DeLTA,train,0.1.0,
DeLTA_RF331_2,DeLTA,dev,0.1.0,
DeLTA_Mc416_2,DeLTA,dev,0.1.0,
DeLTA_CT318_2,DeLTA,test,0.1.0,
DeLTA_MG213_2,DeLTA,train,0.1.0,
DeLTA_CT120_1,DeLTA,dev,0.1.0,
DeLTA_Rs309_2,DeLTA,train,0.1.0,
DeLTA_RP313_2,DeLTA,train,0.1.0,
DeLTA_Mc121_1,DeLTA,train,0.1.0,
DeLTA_ET309_1,DeLTA,train,0.1.0,
DeLTA_RP310_1,DeLTA,train,0.1.0,
DeLTA_MC519_1,DeLTA,train,0.1.0,
DeLTA_MG332_2,DeLTA,train,0.1.0,
DeLTA_tm209_1,DeLTA,train,0.1.0,
DeLTA_ts218_3,DeLTA,train,0.1.0,
DeLTA_SC212_2,DeLTA,train,0.1.0,
DeLTA_2cv15_2,DeLTA,test,0.1.0,
DeLTA_ML209_2,DeLTA,dev,0.1.0,
DeLTA_Rs121_1,DeLTA,test,0.1.0,
DeLTA_cv31_1,DeLTA,train,0.1.0,
DeLTA_Mc115_1,DeLTA,dev,0.1.0,
DeLTA_TS502_2,DeLTA,train,0.1.0,
DeLTA_RP329_2,DeLTA,dev,0.1.0,
DeLTA_Mc116_1,DeLTA,train,0.1.0,
DeLTA_Rp214_1,DeLTA,train,0.1.0,
DeLTA_MC533_1,DeLTA,train,0.1.0,
DeLTA_TM410_1,DeLTA,train,0.1.0,
DeLTA_sr126_2,DeLTA,train,0.1.0,
DeLTA_TS527_1,DeLTA,test,0.1.0,
DeLTA_ET427_1,DeLTA,train,0.1.0,
DeLTA_SR210_1,DeLTA,train,0.1.0,
DeLTA_tm110_1,DeLTA,train,0.1.0,
DeLTA_cv39_2,DeLTA,dev,0.1.0,
DeLTA_ET409_2,DeLTA,dev,0.1.0,
DeLTA_SM510_1,DeLTA,train,0.1.0,
DeLTA_Mc129_1,DeLTA,train,0.1.0,
DeLTA_PL201_1,DeLTA,train,0.1.0,
DeLTA_CT311_2,DeLTA,train,0.1.0,
DeLTA_TM403_2,DeLTA,train,0.1.0,
DeLTA_Rp221_1,DeLTA,test,0.1.0,
DeLTA_ET434_2,DeLTA,train,0.1.0,
DeLTA_PL426_1,DeLTA,train,0.1.0,
DeLTA_cv15_2,DeLTA,train,0.1.0,
DeLTA_ts306_2,DeLTA,train,0.1.0,
DeLTA_SC201_2,DeLTA,train,0.1.0,
DeLTA_sc135_1,DeLTA,train,0.1.0,
DeLTA_PL432_2,DeLTA,dev,0.1.0,
DeLTA_NP108_1,DeLTA,train,0.1.0,
DeLTA_SC218_2,DeLTA,train,0.1.0,
DeLTA_m15_2,DeLTA,train,0.1.0,
DeLTA_Rs112_1,DeLTA,train,0.1.0,
DeLTA_PL423_1,DeLTA,train,0.1.0,
DeLTA_MG102_1,DeLTA,train,0.1.0,
DeLTA_SM306_1,DeLTA,train,0.1.0,
DeLTA_RS414_2,DeLTA,dev,0.1.0,
DeLTA_cv28_1,DeLTA,dev,0.1.0,
DeLTA_ET309_2,DeLTA,dev,0.1.0,
DeLTA_Rs326_2,DeLTA,test,0.1.0,
DeLTA_PL321_2,DeLTA,dev,0.1.0,
DeLTA_TS520_1,DeLTA,train,0.1.0,
DeLTA_2cv32_1,DeLTA,train,0.1.0,
DeLTA_Pl114_2,DeLTA,dev,0.1.0,
DeLTA_sr146_1,DeLTA,train,0.1.0,
DeLTA_Rs217_1,DeLTA,dev,0.1.0,
DeLTA_RF315_1,DeLTA,train,0.1.0,
DeLTA_cv23_2,DeLTA,dev,0.1.0,
DeLTA_sr118_3,DeLTA,train,0.1.0,
DeLTA_ET311_2,DeLTA,train,0.1.0,
DeLTA_SR211_1,DeLTA,dev,0.1.0,
DeLTA_NP129_1,DeLTA,dev,0.1.0,
DeLTA_NP148_1,DeLTA,train,0.1.0,
DeLTA_cp6_2,DeLTA,test,0.1.0,
DeLTA_RP321_1,DeLTA,train,0.1.0,
DeLTA_sr116_2,DeLTA,train,0.1.0,
DeLTA_ET404_2,DeLTA,train,0.1.0,
DeLTA_Rs325_1,DeLTA,train,0.1.0,
DeLTA_CT502_2,DeLTA,train,0.1.0,
DeLTA_TM409_2,DeLTA,dev,0.1.0,
DeLTA_NP113_2,DeLTA,train,0.1.0,
DeLTA_Rp224_2,DeLTA,train,0.1.0,
DeLTA_Mc108_1,DeLTA,train,0.1.0,
DeLTA_Rp210_2,DeLTA,train,0.1.0,
DeLTA_Rs317_2,DeLTA,train,0.1.0,
DeLTA_PL325_1,DeLTA,train,0.1.0,
DeLTA_MC524_1,DeLTA,train,0.1.0,
DeLTA_SM419_1,DeLTA,dev,0.1.0,
DeLTA_Rs122_2,DeLTA,train,0.1.0,
DeLTA_PL304_2,DeLTA,test,0.1.0,
DeLTA_NP161_1,DeLTA,train,0.1.0,
DeLTA_tm124_1,DeLTA,train,0.1.0,
DeLTA_sr118_1,DeLTA,train,0.1.0,
DeLTA_TS505_1,DeLTA,train,0.1.0,
DeLTA_ML112_2,DeLTA,test,0.1.0,
DeLTA_cp11_2,DeLTA,test,0.1.0,
DeLTA_NP144_1,DeLTA,train,0.1.0,
DeLTA_TS510_1,DeLTA,test,0.1.0,
DeLTA_ts308_2,DeLTA,train,0.1.0,
DeLTA_CT124_1,DeLTA,train,0.1.0,
DeLTA_RS423_2,DeLTA,test,0.1.0,
DeLTA_2cv11_2,DeLTA,train,0.1.0,
DeLTA_RF337_1,DeLTA,test,0.1.0,
DeLTA_RP333_2,DeLTA,dev,0.1.0,
DeLTA_tm202_2,DeLTA,test,0.1.0,
DeLTA_tm304_1,DeLTA,train,0.1.0,
DeLTA_MG329_1,DeLTA,train,0.1.0,
DeLTA_Pl106_1,DeLTA,test,0.1.0,
DeLTA_cv27_2,DeLTA,dev,0.1.0,
DeLTA_Rs106_2,DeLTA,train,0.1.0,
DeLTA_ML111_2,DeLTA,train,0.1.0,
DeLTA_ts308_1,DeLTA,train,0.1.0,
DeLTA_MG206_1,DeLTA,train,0.1.0,
DeLTA_ET418_1,DeLTA,train,0.1.0,
DeLTA_TM411_2,DeLTA,dev,0.1.0,
DeLTA_Mc318_2,DeLTA,train,0.1.0,
DeLTA_MC540_1,DeLTA,test,0.1.0,
DeLTA_2cv33_1,DeLTA,train,0.1.0,
DeLTA_PL338_2,DeLTA,train,0.1.0,
DeLTA_ET401_2,DeLTA,train,0.1.0,
DeLTA_Mc105_2,DeLTA,train,0.1.0,
DeLTA_ts226_1,DeLTA,train,0.1.0,
DeLTA_TS512_2,DeLTA,test,0.1.0,
DeLTA_Mc120_1,DeLTA,train,0.1.0,
DeLTA_tm331_1,DeLTA,train,0.1.0,
DeLTA_TM416_1,DeLTA,train,0.1.0,
DeLTA_tm312_2,DeLTA,train,0.1.0,
DeLTA_ts224_2,DeLTA,train,0.1.0,
DeLTA_MC523_2,DeLTA,train,0.1.0,
DeLTA_tm211_1,DeLTA,dev,0.1.0,
DeLTA_Mc301_2,DeLTA,train,0.1.0,
DeLTA_RP316_1,DeLTA,train,0.1.0,
DeLTA_ts319_1,DeLTA,train,0.1.0,
DeLTA_Rp228_1,DeLTA,train,0.1.0,
DeLTA_ET304_2,DeLTA,dev,0.1.0,
DeLTA_tm303_1,DeLTA,train,0.1.0,
DeLTA_RF344_2,DeLTA,test,0.1.0,
DeLTA_sc105_1,DeLTA,train,0.1.0,
DeLTA_ts211_2,DeLTA,dev,0.1.0,
DeLTA_NP110_2,DeLTA,dev,0.1.0,
DeLTA_ET218_2,DeLTA,train,0.1.0,
DeLTA_Rp125_2,DeLTA,dev,0.1.0,
DeLTA_TM413_2,DeLTA,dev,0.1.0,
DeLTA_ET432_1,DeLTA,dev,0.1.0,
DeLTA_Rs213_2,DeLTA,train,0.1.0,
DeLTA_ts203_1,DeLTA,train,0.1.0,
DeLTA_RS438_2,DeLTA,train,0.1.0,
DeLTA_sr109_2,DeLTA,dev,0.1.0,
DeLTA_cp18_2,DeLTA,train,0.1.0,
DeLTA_SM301_1,DeLTA,train,0.1.0,
DeLTA_PL301_1,DeLTA,train,0.1.0,
DeLTA_Mc307_2,DeLTA,test,0.1.0,
DeLTA_RP327_1,DeLTA,dev,0.1.0,
DeLTA_Rs122_1,DeLTA,train,0.1.0,
DeLTA_MC520_2,DeLTA,test,0.1.0,
DeLTA_ML131_4,DeLTA,train,0.1.0,
DeLTA_NP136_1,DeLTA,train,0.1.0,
DeLTA_PL415_1,DeLTA,dev,0.1.0,
DeLTA_Rs226_1,DeLTA,train,0.1.0,
DeLTA_PL335_1,DeLTA,train,0.1.0,
DeLTA_SR204_1,DeLTA,test,0.1.0,
DeLTA_Mc312_1,DeLTA,train,0.1.0,
DeLTA_Rs329_2,DeLTA,test,0.1.0,
DeLTA_Rs211_2,DeLTA,train,0.1.0,
DeLTA_MG207_1,DeLTA,dev,0.1.0,
DeLTA_Rs104_1,DeLTA,dev,0.1.0,
DeLTA_Rp209_2,DeLTA,dev,0.1.0,
DeLTA_tm128_1,DeLTA,train,0.1.0,
DeLTA_Ts411_3,DeLTA,dev,0.1.0,
DeLTA_Rp132_1,DeLTA,test,0.1.0,
DeLTA_TS529_2,DeLTA,train,0.1.0,
DeLTA_sc134_1,DeLTA,dev,0.1.0,
DeLTA_NP107_1,DeLTA,train,0.1.0,
DeLTA_PL401_1,DeLTA,test,0.1.0,
DeLTA_Pl105_2,DeLTA,train,0.1.0,
DeLTA_CT511_1,DeLTA,train,0.1.0,
DeLTA_Rs309_1,DeLTA,train,0.1.0,
DeLTA_SM307_2,DeLTA,dev,0.1.0,
DeLTA_RF319_2,DeLTA,train,0.1.0,
DeLTA_Rs306_1,DeLTA,test,0.1.0,
DeLTA_ET213_1,DeLTA,train,0.1.0,
DeLTA_Rp110_3,DeLTA,dev,0.1.0,
DeLTA_SR227_2,DeLTA,dev,0.1.0,
DeLTA_PL405_2,DeLTA,train,0.1.0,
DeLTA_ET121_2,DeLTA,train,0.1.0,
DeLTA_ML130_1,DeLTA,test,0.1.0,
DeLTA_SR216_2,DeLTA,dev,0.1.0,
DeLTA_RS406_2,DeLTA,test,0.1.0,
DeLTA_Rf140_2,DeLTA,train,0.1.0,
DeLTA_CT531_1,DeLTA,train,0.1.0,
DeLTA_TM440_1,DeLTA,train,0.1.0,
DeLTA_RF315_2,DeLTA,train,0.1.0,
DeLTA_RS410_2,DeLTA,train,0.1.0,
DeLTA_MG215_1,DeLTA,train,0.1.0,
DeLTA_TM430_2,DeLTA,train,0.1.0,
DeLTA_ET428_2,DeLTA,train,0.1.0,
DeLTA_MG331_2,DeLTA,dev,0.1.0,
DeLTA_Mc318_1,DeLTA,train,0.1.0,
DeLTA_m21_1,DeLTA,dev,0.1.0,
DeLTA_RP321_2,DeLTA,dev,0.1.0,
DeLTA_tm206_1,DeLTA,dev,0.1.0,
DeLTA_sr140_2,DeLTA,test,0.1.0,
DeLTA_2cv62_2,DeLTA,test,0.1.0,
DeLTA_sc115_1,DeLTA,dev,0.1.0,
DeLTA_RF340_1,DeLTA,train,0.1.0,
DeLTA_2cv62_1,DeLTA,train,0.1.0,
DeLTA_sc126_1,DeLTA,train,0.1.0,
DeLTA_Mc312_2,DeLTA,train,0.1.0,
DeLTA_SM504_1,DeLTA,dev,0.1.0,
DeLTA_MC532_1,DeLTA,train,0.1.0,
DeLTA_tm202_1,DeLTA,train,0.1.0,
DeLTA_RS437_2,DeLTA,train,0.1.0,
DeLTA_RP315_2,DeLTA,train,0.1.0,
DeLTA_ET204_3,DeLTA,train,0.1.0,
DeLTA_Rf220_2,DeLTA,dev,0.1.0,
DeLTA_MG114_2,DeLTA,train,0.1.0,
DeLTA_Rf216_2,DeLTA,test,0.1.0,
DeLTA_Rs314_1,DeLTA,train,0.1.0,
DeLTA_sr124_1,DeLTA,train,0.1.0,
DeLTA_Rf201_1,DeLTA,train,0.1.0,
DeLTA_Rp129_2,DeLTA,train,0.1.0,
DeLTA_sr118_2,DeLTA,dev,0.1.0,
DeLTA_SC214_2,DeLTA,train,0.1.0,
DeLTA_sr110_1,DeLTA,dev,0.1.0,
DeLTA_RP317_2,DeLTA,train,0.1.0,
DeLTA_SR208_1,DeLTA,train,0.1.0,
DeLTA_MC506_2,DeLTA,test,0.1.0,
DeLTA_Mc328_2,DeLTA,test,0.1.0,
DeLTA_NP123_1,DeLTA,test,0.1.0,
DeLTA_tm333_2,DeLTA,train,0.1.0,
DeLTA_Ts405_1,DeLTA,test,0.1.0,
DeLTA_RS421_1,DeLTA,test,0.1.0,
DeLTA_tm205_1,DeLTA,train,0.1.0,
DeLTA_CT407_2,DeLTA,train,0.1.0,
DeLTA_Mc316_1,DeLTA,train,0.1.0,
DeLTA_SC204_1,DeLTA,train,0.1.0,
DeLTA_2cv14_2,DeLTA,train,0.1.0,
DeLTA_RP312_2,DeLTA,dev,0.1.0,
DeLTA_MC502_1,DeLTA,test,0.1.0,
DeLTA_Rf109_1,DeLTA,test,0.1.0,
DeLTA_bib3_1,DeLTA,train,0.1.0,
DeLTA_SR231_2,DeLTA,train,0.1.0,
DeLTA_ET115_1,DeLTA,train,0.1.0,
DeLTA_Mc332_1,DeLTA,train,0.1.0,
DeLTA_TS503_2,DeLTA,train,0.1.0,
DeLTA_RF333_2,DeLTA,dev,0.1.0,
DeLTA_ts208_1,DeLTA,train,0.1.0,
DeLTA_CT543_1,DeLTA,train,0.1.0,
DeLTA_Rs114_1,DeLTA,test,0.1.0,
DeLTA_ET409_1,DeLTA,train,0.1.0,
DeLTA_ts206_1,DeLTA,train,0.1.0,
DeLTA_ML131_6,DeLTA,train,0.1.0,
DeLTA_SC208_1,DeLTA,train,0.1.0,
DeLTA_Rf211_2,DeLTA,train,0.1.0,
DeLTA_cp4_2,DeLTA,dev,0.1.0,
DeLTA_MG104_2,DeLTA,test,0.1.0,
DeLTA_Rf207_1,DeLTA,train,0.1.0,
DeLTA_Mc122_1,DeLTA,train,0.1.0,
DeLTA_MG110_1,DeLTA,train,0.1.0,
DeLTA_ML133_3,DeLTA,test,0.1.0,
DeLTA_m24_2,DeLTA,train,0.1.0,
DeLTA_Rp217_1,DeLTA,train,0.1.0,
DeLTA_ML112_1,DeLTA,train,0.1.0,
DeLTA_ET301_2,DeLTA,test,0.1.0,
DeLTA_TM422_2,DeLTA,dev,0.1.0,
DeLTA_ET219_1,DeLTA,train,0.1.0,
DeLTA_cv210_2,DeLTA,train,0.1.0,
DeLTA_SR217_2,DeLTA,train,0.1.0,
DeLTA_Mc405_2,DeLTA,train,0.1.0,
DeLTA_Mc329_1,DeLTA,dev,0.1.0,
DeLTA_ET211_2,DeLTA,train,0.1.0,
DeLTA_CT414_2,DeLTA,train,0.1.0,
DeLTA_RS412_1,DeLTA,train,0.1.0,
DeLTA_sc107_2,DeLTA,train,0.1.0,
DeLTA_MG103_2,DeLTA,train,0.1.0,
DeLTA_ET214_2,DeLTA,test,0.1.0,
DeLTA_Rp220_2,DeLTA,test,0.1.0,
DeLTA_MG332_1,DeLTA,train,0.1.0,
DeLTA_SC217_2,DeLTA,test,0.1.0,
DeLTA_CT325_2,DeLTA,train,0.1.0,
DeLTA_ts220_1,DeLTA,train,0.1.0,
DeLTA_m111_2,DeLTA,train,0.1.0,
DeLTA_NP133_2,DeLTA,train,0.1.0,
DeLTA_ML213_1,DeLTA,test,0.1.0,
DeLTA_ts322_1,DeLTA,test,0.1.0,
DeLTA_SM514_2,DeLTA,train,0.1.0,
DeLTA_RS435_2,DeLTA,test,0.1.0,
DeLTA_Mc129_2,DeLTA,train,0.1.0,
DeLTA_SC201_1,DeLTA,train,0.1.0,
DeLTA_PL329_2,DeLTA,train,0.1.0,
DeLTA_SM309_1,DeLTA,dev,0.1.0,
DeLTA_CT520_1,DeLTA,train,0.1.0,
DeLTA_ts204_1,DeLTA,train,0.1.0,
DeLTA_sr132_1,DeLTA,train,0.1.0,
DeLTA_MG213_1,DeLTA,train,0.1.0,
DeLTA_Mc103_1,DeLTA,dev,0.1.0,
DeLTA_RP302_2,DeLTA,train,0.1.0,
DeLTA_Rp131_1,DeLTA,train,0.1.0,
DeLTA_tm221_2,DeLTA,test,0.1.0,
DeLTA_RS427_1,DeLTA,train,0.1.0,
DeLTA_SM501_2,DeLTA,dev,0.1.0,
DeLTA_MC534_2,DeLTA,train,0.1.0,
DeLTA_Pl119_1,DeLTA,train,0.1.0,
DeLTA_tm127_1,DeLTA,train,0.1.0,
DeLTA_TS517_2,DeLTA,train,0.1.0,
DeLTA_Rp110_1,DeLTA,train,0.1.0,
DeLTA_MC525_1,DeLTA,train,0.1.0,
DeLTA_SM412_1,DeLTA,train,0.1.0,
DeLTA_PL439_1,DeLTA,dev,0.1.0,
DeLTA_Rs102_2,DeLTA,train,0.1.0,
DeLTA_SR224_2,DeLTA,test,0.1.0,
DeLTA_ML111_4,DeLTA,train,0.1.0,
DeLTA_ts314_1,DeLTA,train,0.1.0,
DeLTA_MC517_2,DeLTA,test,0.1.0,
DeLTA_RS427_2,DeLTA,test,0.1.0,
DeLTA_Ts414_1,DeLTA,train,0.1.0,
DeLTA_Mc333_1,DeLTA,train,0.1.0,
DeLTA_bib11_1,DeLTA,train,0.1.0,
DeLTA_Mc204_2,DeLTA,train,0.1.0,
DeLTA_Mc111_2,DeLTA,train,0.1.0,
DeLTA_Rf208_2,DeLTA,train,0.1.0,
DeLTA_PL301_2,DeLTA,test,0.1.0,
DeLTA_RP315_1,DeLTA,train,0.1.0,
DeLTA_CT310_2,DeLTA,test,0.1.0,
DeLTA_SR203_1,DeLTA,train,0.1.0,
DeLTA_ET123_1,DeLTA,train,0.1.0,
DeLTA_RF320_2,DeLTA,test,0.1.0,
DeLTA_RF322_2,DeLTA,train,0.1.0,
DeLTA_SC202_2,DeLTA,train,0.1.0,
DeLTA_m112_2,DeLTA,train,0.1.0,
DeLTA_CT522_2,DeLTA,train,0.1.0,
DeLTA_CT529_1,DeLTA,train,0.1.0,
DeLTA_TM415_1,DeLTA,train,0.1.0,
DeLTA_Pl220_1,DeLTA,train,0.1.0,
DeLTA_TM419_2,DeLTA,train,0.1.0,
DeLTA_RF305_2,DeLTA,train,0.1.0,
DeLTA_ET201_2,DeLTA,train,0.1.0,
DeLTA_Ts423_4,DeLTA,train,0.1.0,
DeLTA_ML211_2,DeLTA,train,0.1.0,
DeLTA_Rp212_1,DeLTA,train,0.1.0,
DeLTA_SC220_1,DeLTA,test,0.1.0,
DeLTA_CT403_1,DeLTA,train,0.1.0,
DeLTA_sc127_2,DeLTA,train,0.1.0,
DeLTA_sc144_2,DeLTA,train,0.1.0,
DeLTA_PL417_1,DeLTA,test,0.1.0,
DeLTA_ML111_3,DeLTA,dev,0.1.0,
DeLTA_MC541_1,DeLTA,train,0.1.0,
DeLTA_Rp226_2,DeLTA,train,0.1.0,
DeLTA_MG326_1,DeLTA,dev,0.1.0,
DeLTA_RS401_2,DeLTA,dev,0.1.0,
DeLTA_ts225_1,DeLTA,train,0.1.0,
DeLTA_CT322_2,DeLTA,test,0.1.0,
DeLTA_RF342_1,DeLTA,test,0.1.0,
DeLTA_CT121_2,DeLTA,dev,0.1.0,
DeLTA_MC522_2,DeLTA,train,0.1.0,
DeLTA_TM439_1,DeLTA,train,0.1.0,
DeLTA_ET106_2,DeLTA,train,0.1.0,
DeLTA_m27_1,DeLTA,train,0.1.0,
DeLTA_CT407_1,DeLTA,test,0.1.0,
DeLTA_RF319_1,DeLTA,train,0.1.0,
DeLTA_tm115_2,DeLTA,test,0.1.0,
DeLTA_NP143_2,DeLTA,train,0.1.0,
DeLTA_cp1_2,DeLTA,train,0.1.0,
DeLTA_NP139_1,DeLTA,train,0.1.0,
DeLTA_Mc404_2,DeLTA,train,0.1.0,
DeLTA_RS417_1,DeLTA,train,0.1.0,
DeLTA_sc115_2,DeLTA,train,0.1.0,
DeLTA_sr114_1,DeLTA,train,0.1.0,
DeLTA_TM401_1,DeLTA,train,0.1.0,
DeLTA_SR223_1,DeLTA,test,0.1.0,
DeLTA_PL425_2,DeLTA,train,0.1.0,
DeLTA_SC207_1,DeLTA,dev,0.1.0,
DeLTA_CT314_1,DeLTA,train,0.1.0,
DeLTA_TM414_1,DeLTA,dev,0.1.0,
DeLTA_RS409_1,DeLTA,train,0.1.0,
DeLTA_Pl215_2,DeLTA,train,0.1.0,
DeLTA_Rp104_1,DeLTA,dev,0.1.0,
DeLTA_Rf131_2,DeLTA,dev,0.1.0,
DeLTA_TS537_2,DeLTA,train,0.1.0,
DeLTA_cp1_1,DeLTA,train,0.1.0,
DeLTA_SM308_2,DeLTA,train,0.1.0,
DeLTA_CT536_1,DeLTA,train,0.1.0,
DeLTA_MG305_1,DeLTA,train,0.1.0,
DeLTA_PL433_2,DeLTA,test,0.1.0,
DeLTA_sc131_1,DeLTA,train,0.1.0,
DeLTA_tm216_1,DeLTA,train,0.1.0,
DeLTA_SR228_1,DeLTA,train,0.1.0,
DeLTA_TM410_2,DeLTA,train,0.1.0,
DeLTA_PL341_1,DeLTA,train,0.1.0,
DeLTA_Rs123_1,DeLTA,train,0.1.0,
DeLTA_SM417_2,DeLTA,dev,0.1.0,
DeLTA_TS513_1,DeLTA,train,0.1.0,
DeLTA_Pl203_1,DeLTA,train,0.1.0,
DeLTA_Rp138_1,DeLTA,train,0.1.0,
DeLTA_Mc106_1,DeLTA,train,0.1.0,
DeLTA_NP106_1,DeLTA,train,0.1.0,
DeLTA_Rs110_2,DeLTA,train,0.1.0,
DeLTA_tm212_2,DeLTA,train,0.1.0,
DeLTA_Rs113_2,DeLTA,dev,0.1.0,
DeLTA_Rf122_1,DeLTA,dev,0.1.0,
DeLTA_tm217_1,DeLTA,train,0.1.0,
DeLTA_Rf137_1,DeLTA,dev,0.1.0,
DeLTA_tm107_2,DeLTA,train,0.1.0,
DeLTA_TM426_2,DeLTA,dev,0.1.0,
DeLTA_Mc311_2,DeLTA,train,0.1.0,
DeLTA_CT320_2,DeLTA,train,0.1.0,
DeLTA_Rs105_1,DeLTA,train,0.1.0,
DeLTA_PL411_2,DeLTA,train,0.1.0,
DeLTA_tm321_1,DeLTA,train,0.1.0,
DeLTA_RP332_1,DeLTA,train,0.1.0,
DeLTA_sc117_2,DeLTA,train,0.1.0,
DeLTA_MG311_1,DeLTA,train,0.1.0,
DeLTA_TM413_1,DeLTA,train,0.1.0,
DeLTA_m14_2,DeLTA,train,0.1.0,
DeLTA_Ts423_2,DeLTA,dev,0.1.0,
DeLTA_CT202_1,DeLTA,train,0.1.0,
DeLTA_Mc305_2,DeLTA,train,0.1.0,
DeLTA_RF309_2,DeLTA,train,0.1.0,
DeLTA_SR230_2,DeLTA,train,0.1.0,
DeLTA_Mc109_2,DeLTA,test,0.1.0,
DeLTA_RS422_1,DeLTA,train,0.1.0,
DeLTA_MC538_1,DeLTA,train,0.1.0,
DeLTA_TS524_2,DeLTA,train,0.1.0,
DeLTA_NP112_1,DeLTA,train,0.1.0,
DeLTA_ts224_1,DeLTA,train,0.1.0,
DeLTA_SR225_2,DeLTA,train,0.1.0,
DeLTA_Rf132_1,DeLTA,train,0.1.0,
DeLTA_Rp135_3,DeLTA,train,0.1.0,
DeLTA_NP106_2,DeLTA,test,0.1.0,
DeLTA_ET421_2,DeLTA,train,0.1.0,
DeLTA_MG119_1,DeLTA,train,0.1.0,
DeLTA_sc134_2,DeLTA,train,0.1.0,
DeLTA_RP331_1,DeLTA,test,0.1.0,
DeLTA_MC524_2,DeLTA,train,0.1.0,
DeLTA_RP318_2,DeLTA,test,0.1.0,
DeLTA_MG209_2,DeLTA,dev,0.1.0,
DeLTA_CT525_1,DeLTA,train,0.1.0,
DeLTA_Rp224_1,DeLTA,train,0.1.0,
DeLTA_Rf219_2,DeLTA,test,0.1.0,
DeLTA_TM404_1,DeLTA,test,0.1.0,
DeLTA_Rp124_1,DeLTA,train,0.1.0,
DeLTA_CT542_1,DeLTA,test,0.1.0,
DeLTA_MG203_1,DeLTA,test,0.1.0,
DeLTA_TS535_2,DeLTA,train,0.1.0,
DeLTA_ET435_2,DeLTA,test,0.1.0,
DeLTA_PL107_4,DeLTA,train,0.1.0,
DeLTA_CT203_1,DeLTA,train,0.1.0,
DeLTA_SC210_2,DeLTA,test,0.1.0,
DeLTA_SM510_2,DeLTA,dev,0.1.0,
DeLTA_SM416_2,DeLTA,train,0.1.0,
DeLTA_TM438_1,DeLTA,test,0.1.0,
DeLTA_MC539_1,DeLTA,test,0.1.0,
DeLTA_RF314_1,DeLTA,test,0.1.0,
DeLTA_MG212_2,DeLTA,dev,0.1.0,
DeLTA_ts304_2,DeLTA,test,0.1.0,
DeLTA_PL202_2,DeLTA,train,0.1.0,
DeLTA_PL327_2,DeLTA,train,0.1.0,
DeLTA_TM437_1,DeLTA,train,0.1.0,
DeLTA_ET221_2,DeLTA,train,0.1.0,
DeLTA_Mc207_1,DeLTA,dev,0.1.0,
DeLTA_Mc127_3,DeLTA,train,0.1.0,
DeLTA_PL430_2,DeLTA,train,0.1.0,
DeLTA_SR233_2,DeLTA,test,0.1.0,
DeLTA_PL409_2,DeLTA,train,0.1.0,
DeLTA_SM408_1,DeLTA,train,0.1.0,
DeLTA_SR237_2,DeLTA,train,0.1.0,
DeLTA_ML213_2,DeLTA,train,0.1.0,
DeLTA_SC206_1,DeLTA,test,0.1.0,
DeLTA_sr145_2,DeLTA,test,0.1.0,
DeLTA_Pl224_1,DeLTA,train,0.1.0,
DeLTA_PL315_1,DeLTA,dev,0.1.0,
DeLTA_PL409_1,DeLTA,train,0.1.0,
DeLTA_ET206_1,DeLTA,dev,0.1.0,
DeLTA_SM308_1,DeLTA,train,0.1.0,
DeLTA_2cv26_1,DeLTA,train,0.1.0,
DeLTA_CT318_1,DeLTA,train,0.1.0,
DeLTA_SM314_1,DeLTA,train,0.1.0,
DeLTA_MG208_1,DeLTA,test,0.1.0,
DeLTA_MC541_2,DeLTA,train,0.1.0,
DeLTA_Rs109_2,DeLTA,train,0.1.0,
DeLTA_m28_2,DeLTA,test,0.1.0,
DeLTA_CT509_1,DeLTA,train,0.1.0,
DeLTA_Mc319_1,DeLTA,train,0.1.0,
DeLTA_PL420_1,DeLTA,test,0.1.0,
DeLTA_cv212_1,DeLTA,train,0.1.0,
DeLTA_Rs313_2,DeLTA,train,0.1.0,
DeLTA_ET434_1,DeLTA,train,0.1.0,
DeLTA_sc119_2,DeLTA,train,0.1.0,
DeLTA_Rp218_1,DeLTA,train,0.1.0,
DeLTA_bib5_1,DeLTA,test,0.1.0,
DeLTA_MG308_1,DeLTA,train,0.1.0,
DeLTA_TS508_4,DeLTA,train,0.1.0,
DeLTA_CT103_1,DeLTA,train,0.1.0,
DeLTA_SM417_1,DeLTA,dev,0.1.0,
DeLTA_Rs120_2,DeLTA,dev,0.1.0,
DeLTA_tm111_1,DeLTA,train,0.1.0,
DeLTA_PL333_1,DeLTA,train,0.1.0,
DeLTA_MC509_2,DeLTA,train,0.1.0,
DeLTA_PL309_2,DeLTA,test,0.1.0,
DeLTA_sc114_2,DeLTA,test,0.1.0,
DeLTA_CT201_1,DeLTA,train,0.1.0,
DeLTA_cv28_2,DeLTA,test,0.1.0,
DeLTA_Mc103_4,DeLTA,train,0.1.0,
DeLTA_tm309_1,DeLTA,train,0.1.0,
DeLTA_PL306_2,DeLTA,train,0.1.0,
DeLTA_MC507_1,DeLTA,train,0.1.0,
DeLTA_CT319_2,DeLTA,test,0.1.0,
DeLTA_Rp122_2,DeLTA,train,0.1.0,
DeLTA_ts305_2,DeLTA,train,0.1.0,
DeLTA_ts309_2,DeLTA,test,0.1.0,
DeLTA_Rp105_1,DeLTA,dev,0.1.0,
DeLTA_MC533_2,DeLTA,train,0.1.0,
DeLTA_ET219_2,DeLTA,train,0.1.0,
DeLTA_SC211_2,DeLTA,train,0.1.0,
DeLTA_ts322_2,DeLTA,dev,0.1.0,
DeLTA_tm123_2,DeLTA,test,0.1.0,
DeLTA_CT112_2,DeLTA,train,0.1.0,
DeLTA_RP311_1,DeLTA,train,0.1.0,
DeLTA_Rs222_2,DeLTA,train,0.1.0,
DeLTA_2cv31_2,DeLTA,train,0.1.0,
DeLTA_MC518_1,DeLTA,test,0.1.0,
DeLTA_NP136_2,DeLTA,train,0.1.0,
DeLTA_PL308_1,DeLTA,train,0.1.0,
DeLTA_ML103_1,DeLTA,test,0.1.0,
DeLTA_ET112_2,DeLTA,train,0.1.0,
DeLTA_m26_1,DeLTA,train,0.1.0,
DeLTA_Ts418_2,DeLTA,train,0.1.0,
DeLTA_TM432_2,DeLTA,train,0.1.0,
DeLTA_Rf133_2,DeLTA,train,0.1.0,
DeLTA_2cv14_1,DeLTA,train,0.1.0,
DeLTA_PL437_2,DeLTA,train,0.1.0,
DeLTA_ML212_2,DeLTA,dev,0.1.0,
DeLTA_TS501_1,DeLTA,train,0.1.0,
DeLTA_Pl221_1,DeLTA,train,0.1.0,
DeLTA_Rf106_2,DeLTA,train,0.1.0,
DeLTA_PL337_1,DeLTA,train,0.1.0,
DeLTA_Rs205_1,DeLTA,dev,0.1.0,
DeLTA_Mc115_2,DeLTA,train,0.1.0,
DeLTA_Rp130_1,DeLTA,dev,0.1.0,
DeLTA_PL310_2,DeLTA,train,0.1.0,
DeLTA_CT121_1,DeLTA,train,0.1.0,
DeLTA_MC531_1,DeLTA,train,0.1.0,
DeLTA_tm328_2,DeLTA,train,0.1.0,
DeLTA_ET112_1,DeLTA,train,0.1.0,
DeLTA_Rs123_2,DeLTA,train,0.1.0,
DeLTA_sr120_1,DeLTA,train,0.1.0,
DeLTA_PL428_1,DeLTA,test,0.1.0,
DeLTA_Rf128_1,DeLTA,train,0.1.0,
DeLTA_PL434_1,DeLTA,dev,0.1.0,
DeLTA_MG106_1,DeLTA,train,0.1.0,
DeLTA_bib1_1,DeLTA,dev,0.1.0,
DeLTA_Rf139_1,DeLTA,train,0.1.0,
DeLTA_ET305_1,DeLTA,train,0.1.0,
DeLTA_ts229_1,DeLTA,dev,0.1.0,
DeLTA_Rs328_2,DeLTA,train,0.1.0,
DeLTA_CT328_2,DeLTA,test,0.1.0,
DeLTA_PL340_1,DeLTA,train,0.1.0,
DeLTA_ET416_1,DeLTA,train,0.1.0,
DeLTA_Rf204_2,DeLTA,train,0.1.0,
DeLTA_ET216_1,DeLTA,train,0.1.0,
DeLTA_Rs110_1,DeLTA,train,0.1.0,
DeLTA_ts316_1,DeLTA,train,0.1.0,
DeLTA_tm201_1,DeLTA,dev,0.1.0,
DeLTA_SR230_1,DeLTA,test,0.1.0,
DeLTA_cv23_1,DeLTA,train,0.1.0,
DeLTA_Rs312_1,DeLTA,test,0.1.0,
DeLTA_ts207_1,DeLTA,train,0.1.0,
DeLTA_Ts418_3,DeLTA,train,0.1.0,
DeLTA_Pl109_2,DeLTA,train,0.1.0,
DeLTA_sc136_1,DeLTA,train,0.1.0,
DeLTA_ET416_2,DeLTA,test,0.1.0,
DeLTA_SR211_2,DeLTA,train,0.1.0,
DeLTA_MG305_2,DeLTA,dev,0.1.0,
DeLTA_ML208_4,DeLTA,train,0.1.0,
DeLTA_TS502_1,DeLTA,train,0.1.0,
DeLTA_NP120_2,DeLTA,train,0.1.0,
DeLTA_PL304_1,DeLTA,train,0.1.0,
DeLTA_RF301_4,DeLTA,test,0.1.0,
DeLTA_NP101_2,DeLTA,train,0.1.0,
DeLTA_bib13_1,DeLTA,train,0.1.0,
DeLTA_PL424_1,DeLTA,train,0.1.0,
DeLTA_CT324_2,DeLTA,test,0.1.0,
DeLTA_Rp203_2,DeLTA,train,0.1.0,
DeLTA_MG207_2,DeLTA,test,0.1.0,
DeLTA_RF302_1,DeLTA,test,0.1.0,
DeLTA_MC527_1,DeLTA,train,0.1.0,
DeLTA_SC209_1,DeLTA,train,0.1.0,
DeLTA_CT537_2,DeLTA,train,0.1.0,
DeLTA_RF304_3,DeLTA,train,0.1.0,
DeLTA_Rs204_1,DeLTA,test,0.1.0,
DeLTA_RF328_1,DeLTA,test,0.1.0,
DeLTA_sr139_1,DeLTA,train,0.1.0,
DeLTA_RF312_1,DeLTA,train,0.1.0,
DeLTA_cv38_1,DeLTA,test,0.1.0,
DeLTA_NP131_1,DeLTA,train,0.1.0,
DeLTA_NP143_1,DeLTA,dev,0.1.0,
DeLTA_cv214_1,DeLTA,train,0.1.0,
DeLTA_tm326_1,DeLTA,train,0.1.0,
DeLTA_Ts401_1,DeLTA,train,0.1.0,
DeLTA_Rf136_1,DeLTA,dev,0.1.0,
DeLTA_TM442_1,DeLTA,train,0.1.0,
DeLTA_RS435_1,DeLTA,train,0.1.0,
DeLTA_sr125_1,DeLTA,test,0.1.0,
DeLTA_SR243_2,DeLTA,train,0.1.0,
DeLTA_ML212_3,DeLTA,train,0.1.0,
DeLTA_Rf106_1,DeLTA,train,0.1.0,
DeLTA_SC226_1,DeLTA,train,0.1.0,
DeLTA_TS537_1,DeLTA,train,0.1.0,
DeLTA_NP131_2,DeLTA,test,0.1.0,
DeLTA_CT323_1,DeLTA,test,0.1.0,
DeLTA_ET218_1,DeLTA,train,0.1.0,
DeLTA_CT308_2,DeLTA,train,0.1.0,
DeLTA_MG219_2,DeLTA,train,0.1.0,
DeLTA_SM514_1,DeLTA,test,0.1.0,
DeLTA_RF307_2,DeLTA,dev,0.1.0,
DeLTA_tm130_1,DeLTA,train,0.1.0,
DeLTA_PL319_1,DeLTA,train,0.1.0,
DeLTA_ET432_2,DeLTA,dev,0.1.0,
DeLTA_MG324_1,DeLTA,train,0.1.0,
DeLTA_Mc323_1,DeLTA,dev,0.1.0,
DeLTA_Rs205_2,DeLTA,train,0.1.0,
DeLTA_ts321_2,DeLTA,train,0.1.0,
DeLTA_PL410_1,DeLTA,train,0.1.0,
DeLTA_ET413_1,DeLTA,train,0.1.0,
DeLTA_ML131_1,DeLTA,train,0.1.0,
DeLTA_RS434_2,DeLTA,train,0.1.0,
DeLTA_ML212_1,DeLTA,dev,0.1.0,
DeLTA_MG319_2,DeLTA,train,0.1.0,
DeLTA_ET124_2,DeLTA,train,0.1.0,
DeLTA_tm214_2,DeLTA,train,0.1.0,
DeLTA_TS519_2,DeLTA,train,0.1.0,
DeLTA_m111_1,DeLTA,test,0.1.0,
DeLTA_sc140_2,DeLTA,train,0.1.0,
DeLTA_Pl106_2,DeLTA,train,0.1.0,
DeLTA_ET433_2,DeLTA,test,0.1.0,
DeLTA_tm126_2,DeLTA,train,0.1.0,
DeLTA_PL421_2,DeLTA,dev,0.1.0,
DeLTA_CT404_1,DeLTA,train,0.1.0,
DeLTA_ML210_2,DeLTA,train,0.1.0,
DeLTA_SM313_1,DeLTA,train,0.1.0,
DeLTA_CT412_1,DeLTA,train,0.1.0,
DeLTA_ET423_2,DeLTA,train,0.1.0,
DeLTA_ET216_2,DeLTA,train,0.1.0,
DeLTA_ET220_3,DeLTA,train,0.1.0,
DeLTA_SR223_2,DeLTA,train,0.1.0,
DeLTA_2cv13_2,DeLTA,train,0.1.0,
DeLTA_cv212_2,DeLTA,train,0.1.0,
DeLTA_TS513_2,DeLTA,test,0.1.0,
DeLTA_Mc203_1,DeLTA,train,0.1.0,
DeLTA_Mc112_1,DeLTA,train,0.1.0,
DeLTA_tm327_2,DeLTA,train,0.1.0,
DeLTA_RF308_2,DeLTA,train,0.1.0,
DeLTA_RP301_2,DeLTA,dev,0.1.0,
DeLTA_tm312_1,DeLTA,train,0.1.0,
DeLTA_tm109_2,DeLTA,test,0.1.0,
DeLTA_SR232_1,DeLTA,train,0.1.0,
DeLTA_SR247_2,DeLTA,train,0.1.0,
DeLTA_Mc412_1,DeLTA,dev,0.1.0,
DeLTA_Rp132_2,DeLTA,train,0.1.0,
DeLTA_CT109_1,DeLTA,train,0.1.0,
DeLTA_PL307_1,DeLTA,train,0.1.0,
DeLTA_RP334_1,DeLTA,dev,0.1.0,
DeLTA_ML206_3,DeLTA,dev,0.1.0,
DeLTA_MG333_1,DeLTA,train,0.1.0,
DeLTA_SR231_1,DeLTA,test,0.1.0,
DeLTA_RP317_1,DeLTA,test,0.1.0,
DeLTA_TM427_2,DeLTA,train,0.1.0,
DeLTA_m29_2,DeLTA,train,0.1.0,
DeLTA_CT414_1,DeLTA,dev,0.1.0,
DeLTA_ML214_3,DeLTA,train,0.1.0,
DeLTA_MC501_1,DeLTA,test,0.1.0,
DeLTA_CT102_2,DeLTA,train,0.1.0,
DeLTA_Ts425_1,DeLTA,train,0.1.0,
DeLTA_CT545_2,DeLTA,train,0.1.0,
DeLTA_TS511_2,DeLTA,train,0.1.0,
DeLTA_TS534_1,DeLTA,train,0.1.0,
DeLTA_RF343_2,DeLTA,train,0.1.0,
DeLTA_cp8_2,DeLTA,dev,0.1.0,
DeLTA_RP325_2,DeLTA,test,0.1.0,
DeLTA_TS532_1,DeLTA,train,0.1.0,
DeLTA_TS536_1,DeLTA,train,0.1.0,
DeLTA_Rp123_1,DeLTA,train,0.1.0,
DeLTA_SM518_2,DeLTA,train,0.1.0,
DeLTA_SC225_2,DeLTA,train,0.1.0,
DeLTA_sr108_1,DeLTA,train,0.1.0,
DeLTA_cv39_1,DeLTA,dev,0.1.0,
DeLTA_Rf103_1,DeLTA,train,0.1.0,
DeLTA_sr107_2,DeLTA,dev,0.1.0,
DeLTA_sr133_1,DeLTA,train,0.1.0,
DeLTA_TS522_1,DeLTA,test,0.1.0,
DeLTA_TM406_1,DeLTA,train,0.1.0,
DeLTA_SM310_2,DeLTA,train,0.1.0,
DeLTA_RF321_2,DeLTA,train,0.1.0,
DeLTA_cp5_2,DeLTA,train,0.1.0,
DeLTA_CT519_1,DeLTA,train,0.1.0,
DeLTA_Rp228_2,DeLTA,test,0.1.0,
DeLTA_sc124_1,DeLTA,train,0.1.0,
DeLTA_SM402_2,DeLTA,train,0.1.0,
DeLTA_ts226_3,DeLTA,train,0.1.0,
DeLTA_sr128_1,DeLTA,dev,0.1.0,
DeLTA_CT404_2,DeLTA,train,0.1.0,
DeLTA_SR213_1,DeLTA,train,0.1.0,
DeLTA_st104_1,DeLTA,dev,0.1.0,
DeLTA_RF339_2,DeLTA,train,0.1.0,
DeLTA_RS402_2,DeLTA,test,0.1.0,
DeLTA_cv45_1,DeLTA,train,0.1.0,
DeLTA_AM06_2,DeLTA,train,0.1.0,
DeLTA_MG318_2,DeLTA,train,0.1.0,
DeLTA_tm129_1,DeLTA,train,0.1.0,
DeLTA_Rs120_1,DeLTA,train,0.1.0,
DeLTA_ET426_1,DeLTA,train,0.1.0,
DeLTA_SR205_1,DeLTA,train,0.1.0,
DeLTA_PL330_1,DeLTA,train,0.1.0,
DeLTA_sc118_2,DeLTA,dev,0.1.0,
DeLTA_Pl205_2,DeLTA,train,0.1.0,
DeLTA_SM512_2,DeLTA,train,0.1.0,
DeLTA_SC203_1,DeLTA,train,0.1.0,
DeLTA_RS433_2,DeLTA,train,0.1.0,
DeLTA_ET426_2,DeLTA,dev,0.1.0,
DeLTA_SM305_2,DeLTA,train,0.1.0,
DeLTA_Ts421_2,DeLTA,train,0.1.0,
DeLTA_SR229_1,DeLTA,test,0.1.0,
DeLTA_SM509_1,DeLTA,train,0.1.0,
DeLTA_ET107_2,DeLTA,train,0.1.0,
DeLTA_SR234_1,DeLTA,train,0.1.0,
DeLTA_Rf136_2,DeLTA,train,0.1.0,
DeLTA_sr131_3,DeLTA,train,0.1.0,
DeLTA_MG307_1,DeLTA,train,0.1.0,
DeLTA_Rs104_2,DeLTA,train,0.1.0,
DeLTA_m22_1,DeLTA,dev,0.1.0,
DeLTA_Mc413_1,DeLTA,test,0.1.0,
DeLTA_CT539_2,DeLTA,test,0.1.0,
DeLTA_CT112_1,DeLTA,train,0.1.0,
DeLTA_NP109_2,DeLTA,train,0.1.0,
DeLTA_Rf112_1,DeLTA,test,0.1.0,
DeLTA_SM407_2,DeLTA,train,0.1.0,
DeLTA_Ts421_1,DeLTA,train,0.1.0,
DeLTA_ET211_1,DeLTA,train,0.1.0,
DeLTA_SM402_1,DeLTA,dev,0.1.0,
DeLTA_ET307_1,DeLTA,train,0.1.0,
DeLTA_tm229_1,DeLTA,dev,0.1.0,
DeLTA_PL413_2,DeLTA,test,0.1.0,
DeLTA_RF308_1,DeLTA,train,0.1.0,
DeLTA_TM425_1,DeLTA,train,0.1.0,
DeLTA_NP114_2,DeLTA,train,0.1.0,
DeLTA_sr129_1,DeLTA,dev,0.1.0,
DeLTA_ET205_3,DeLTA,test,0.1.0,
DeLTA_Rf221_1,DeLTA,train,0.1.0,
DeLTA_TM406_2,DeLTA,train,0.1.0,
DeLTA_Mc404_3,DeLTA,train,0.1.0,
DeLTA_cv213_2,DeLTA,train,0.1.0,
DeLTA_Ts422_1,DeLTA,dev,0.1.0,
DeLTA_SR212_2,DeLTA,train,0.1.0,
DeLTA_TM405_1,DeLTA,test,0.1.0,
DeLTA_CT327_3,DeLTA,test,0.1.0,
DeLTA_sc129_1,DeLTA,dev,0.1.0,
DeLTA_CT107_2,DeLTA,train,0.1.0,
DeLTA_cp00_1,DeLTA,train,0.1.0,
DeLTA_SR239_1,DeLTA,train,0.1.0,
DeLTA_RS401_1,DeLTA,train,0.1.0,
DeLTA_Rs312_2,DeLTA,train,0.1.0,
DeLTA_TS508_3,DeLTA,train,0.1.0,
DeLTA_Mc110_1,DeLTA,train,0.1.0,
DeLTA_MC525_2,DeLTA,train,0.1.0,
DeLTA_MG306_1,DeLTA,train,0.1.0,
DeLTA_Pl213_1,DeLTA,train,0.1.0,
DeLTA_TS528_2,DeLTA,train,0.1.0,
DeLTA_CT544_1,DeLTA,train,0.1.0,
DeLTA_CT517_5,DeLTA,dev,0.1.0,
DeLTA_PL427_1,DeLTA,train,0.1.0,
DeLTA_tm218_2,DeLTA,train,0.1.0,
DeLTA_Rs115_1,DeLTA,train,0.1.0,
DeLTA_CT526_1,DeLTA,train,0.1.0,
DeLTA_sc106_2,DeLTA,dev,0.1.0,
DeLTA_MC522_1,DeLTA,dev,0.1.0,
DeLTA_CT306_2,DeLTA,train,0.1.0,
DeLTA_PL408_2,DeLTA,train,0.1.0,
DeLTA_RP323_1,DeLTA,train,0.1.0,
DeLTA_SM303_1,DeLTA,train,0.1.0,
DeLTA_Pl230_2,DeLTA,train,0.1.0,
DeLTA_Rf104_2,DeLTA,train,0.1.0,
DeLTA_RS436_1,DeLTA,test,0.1.0,
DeLTA_MG216_2,DeLTA,dev,0.1.0,
DeLTA_sr115_1,DeLTA,train,0.1.0,
DeLTA_ET220_2,DeLTA,dev,0.1.0,
DeLTA_ET430_2,DeLTA,train,0.1.0,
DeLTA_Rs208_1,DeLTA,test,0.1.0,
DeLTA_Rs213_1,DeLTA,train,0.1.0,
DeLTA_bib10_2,DeLTA,test,0.1.0,
DeLTA_cp13_1,DeLTA,train,0.1.0,
DeLTA_CT510_1,DeLTA,dev,0.1.0,
DeLTA_ET424_1,DeLTA,train,0.1.0,
DeLTA_Rs125_2,DeLTA,train,0.1.0,
DeLTA_MC514_2,DeLTA,train,0.1.0,
DeLTA_RS415_1,DeLTA,test,0.1.0,
DeLTA_sc127_1,DeLTA,train,0.1.0,
DeLTA_cp5_1,DeLTA,train,0.1.0,
DeLTA_RF318_1,DeLTA,dev,0.1.0,
DeLTA_Rf102_2,DeLTA,train,0.1.0,
DeLTA_Rs202_2,DeLTA,train,0.1.0,
DeLTA_sc104_1,DeLTA,train,0.1.0,
DeLTA_CT528_1,DeLTA,train,0.1.0,
DeLTA_Ts426_1,DeLTA,train,0.1.0,
DeLTA_cv41_2,DeLTA,train,0.1.0,
DeLTA_cp8_1,DeLTA,train,0.1.0,
DeLTA_ET115_2,DeLTA,train,0.1.0,
DeLTA_RP307_2,DeLTA,train,0.1.0,
DeLTA_PL433_1,DeLTA,train,0.1.0,
DeLTA_m112_1,DeLTA,dev,0.1.0,
DeLTA_ET437_2,DeLTA,train,0.1.0,
DeLTA_RP331_2,DeLTA,train,0.1.0,
DeLTA_cv12_2,DeLTA,train,0.1.0,
DeLTA_MC510_1,DeLTA,train,0.1.0,
DeLTA_RS439_2,DeLTA,train,0.1.0,
DeLTA_ET404_1,DeLTA,test,0.1.0,
DeLTA_MC528_1,DeLTA,dev,0.1.0,
DeLTA_CT538_1,DeLTA,train,0.1.0,
DeLTA_CT405_1,DeLTA,train,0.1.0,
DeLTA_Rs325_2,DeLTA,train,0.1.0,
DeLTA_PL325_2,DeLTA,train,0.1.0,
DeLTA_SC215_2,DeLTA,train,0.1.0,
DeLTA_bib8_1,DeLTA,dev,0.1.0,
DeLTA_TS501_2,DeLTA,train,0.1.0,
DeLTA_Rs204_2,DeLTA,train,0.1.0,
DeLTA_Mc316_2,DeLTA,train,0.1.0,
DeLTA_bib9_2,DeLTA,train,0.1.0,
DeLTA_PL303_1,DeLTA,train,0.1.0,
DeLTA_PL331_2,DeLTA,train,0.1.0,
DeLTA_ML211_1,DeLTA,train,0.1.0,
DeLTA_ts204_2,DeLTA,train,0.1.0,
DeLTA_m16_1,DeLTA,dev,0.1.0,
DeLTA_NP101_1,DeLTA,train,0.1.0,
DeLTA_SC218_1,DeLTA,test,0.1.0,
DeLTA_CT505_1,DeLTA,train,0.1.0,
DeLTA_sc121_2,DeLTA,train,0.1.0,
DeLTA_TS536_2,DeLTA,train,0.1.0,
DeLTA_NP141_1,DeLTA,train,0.1.0,
DeLTA_TM420_2,DeLTA,test,0.1.0,
DeLTA_ET421_1,DeLTA,train,0.1.0,
DeLTA_RF306_2,DeLTA,train,0.1.0,
DeLTA_tm318_1,DeLTA,test,0.1.0,
DeLTA_Rp212_2,DeLTA,train,0.1.0,
DeLTA_cp3_2,DeLTA,train,0.1.0,
DeLTA_SM504_2,DeLTA,train,0.1.0,
DeLTA_PL324_2,DeLTA,train,0.1.0,
DeLTA_Rf206_1,DeLTA,train,0.1.0,
DeLTA_Rf140_1,DeLTA,train,0.1.0,
DeLTA_SM312_2,DeLTA,train,0.1.0,
DeLTA_ML210_1,DeLTA,dev,0.1.0,
DeLTA_NP110_1,DeLTA,test,0.1.0,
DeLTA_RS422_2,DeLTA,dev,0.1.0,
DeLTA_Rs108_2,DeLTA,train,0.1.0,
DeLTA_tm108_1,DeLTA,train,0.1.0,
DeLTA_NP128_2,DeLTA,dev,0.1.0,
DeLTA_ET203_1,DeLTA,dev,0.1.0,
DeLTA_RF310_2,DeLTA,test,0.1.0,
DeLTA_ET402_1,DeLTA,train,0.1.0,
DeLTA_tm104_2,DeLTA,train,0.1.0,
DeLTA_Rf217_2,DeLTA,train,0.1.0,
DeLTA_NP147_1,DeLTA,train,0.1.0,
DeLTA_SC221_2,DeLTA,train,0.1.0,
DeLTA_PL303_2,DeLTA,train,0.1.0,
DeLTA_TM415_2,DeLTA,train,0.1.0,
DeLTA_NP138_1,DeLTA,test,0.1.0,
DeLTA_CT530_1,DeLTA,train,0.1.0,
DeLTA_RP310_2,DeLTA,train,0.1.0,
DeLTA_Pl112_1,DeLTA,train,0.1.0,
DeLTA_Rs224_2,DeLTA,train,0.1.0,
DeLTA_TM419_1,DeLTA,train,0.1.0,
DeLTA_Rs310_1,DeLTA,train,0.1.0,
DeLTA_Rp219_1,DeLTA,train,0.1.0,
DeLTA_ML131_3,DeLTA,train,0.1.0,
DeLTA_SC217_1,DeLTA,dev,0.1.0,
DeLTA_SM507_1,DeLTA,train,0.1.0,
DeLTA_CT506_1,DeLTA,train,0.1.0,
DeLTA_Mc409_2,DeLTA,train,0.1.0,
DeLTA_tm336_1,DeLTA,train,0.1.0,
DeLTA_MG334_2,DeLTA,train,0.1.0,
DeLTA_NP118_2,DeLTA,train,0.1.0,
DeLTA_sc109_1,DeLTA,train,0.1.0,
DeLTA_PL432_1,DeLTA,train,0.1.0,
DeLTA_sr132_2,DeLTA,dev,0.1.0,
DeLTA_ET105_1,DeLTA,dev,0.1.0,
DeLTA_Rp215_2,DeLTA,train,0.1.0,
DeLTA_MC536_1,DeLTA,dev,0.1.0,
DeLTA_Mc334_2,DeLTA,train,0.1.0,
DeLTA_CT511_2,DeLTA,train,0.1.0,
DeLTA_ts323_1,DeLTA,train,0.1.0,
DeLTA_SM415_2,DeLTA,train,0.1.0,
DeLTA_RS404_1,DeLTA,train,0.1.0,
DeLTA_RS417_2,DeLTA,test,0.1.0,
DeLTA_TS535_1,DeLTA,train,0.1.0,
DeLTA_PL406_1,DeLTA,train,0.1.0,
DeLTA_ML208_3,DeLTA,train,0.1.0,
DeLTA_SR203_2,DeLTA,train,0.1.0,
DeLTA_RF322_1,DeLTA,train,0.1.0,
DeLTA_ts230_1,DeLTA,dev,0.1.0,
DeLTA_bib9_1,DeLTA,dev,0.1.0,
DeLTA_CT323_2,DeLTA,train,0.1.0,
DeLTA_CT329_1,DeLTA,test,0.1.0,
DeLTA_Rf218_1,DeLTA,train,0.1.0,
DeLTA_RS411_2,DeLTA,train,0.1.0,
DeLTA_Mc410_2,DeLTA,train,0.1.0,
DeLTA_TM434_1,DeLTA,dev,0.1.0,
DeLTA_ts320_1,DeLTA,test,0.1.0,
DeLTA_NP108_2,DeLTA,train,0.1.0,
DeLTA_MG218_1,DeLTA,train,0.1.0,
DeLTA_SR217_1,DeLTA,train,0.1.0,
DeLTA_sc136_2,DeLTA,test,0.1.0,
DeLTA_SR241_1,DeLTA,train,0.1.0,
DeLTA_tm126_1,DeLTA,train,0.1.0,
DeLTA_MC504_2,DeLTA,train,0.1.0,
DeLTA_Pl223_2,DeLTA,train,0.1.0,
DeLTA_RP305_2,DeLTA,train,0.1.0,
DeLTA_RS403_2,DeLTA,train,0.1.0,
DeLTA_sr147_2,DeLTA,train,0.1.0,
DeLTA_cv33_1,DeLTA,train,0.1.0,
DeLTA_TM414_2,DeLTA,train,0.1.0,
DeLTA_m213_2,DeLTA,train,0.1.0,
DeLTA_RS420_2,DeLTA,test,0.1.0,
DeLTA_SR240_1,DeLTA,train,0.1.0,
DeLTA_MG322_1,DeLTA,train,0.1.0,
DeLTA_m24_1,DeLTA,train,0.1.0,
DeLTA_ET202_1,DeLTA,dev,0.1.0,
DeLTA_TM429_2,DeLTA,train,0.1.0,
DeLTA_tm328_1,DeLTA,train,0.1.0,
DeLTA_Rf126_1,DeLTA,train,0.1.0,
DeLTA_Rp223_1,DeLTA,train,0.1.0,
DeLTA_SM409_1,DeLTA,dev,0.1.0,
DeLTA_ts313_2,DeLTA,train,0.1.0,
DeLTA_TM432_1,DeLTA,train,0.1.0,
DeLTA_ET313_2,DeLTA,train,0.1.0,
DeLTA_TS539_2,DeLTA,train,0.1.0,
DeLTA_ts234_1,DeLTA,train,0.1.0,
DeLTA_PL431_2,DeLTA,train,0.1.0,
DeLTA_RS410_1,DeLTA,train,0.1.0,
DeLTA_sr128_2,DeLTA,train,0.1.0,
DeLTA_RF335_1,DeLTA,test,0.1.0,
DeLTA_Pl222_1,DeLTA,dev,0.1.0,
DeLTA_ET438_2,DeLTA,train,0.1.0,
DeLTA_ts236_2,DeLTA,dev,0.1.0,
DeLTA_NP132_1,DeLTA,test,0.1.0,
DeLTA_Rp210_1,DeLTA,train,0.1.0,
DeLTA_TM418_2,DeLTA,train,0.1.0,
DeLTA_RP304_2,DeLTA,train,0.1.0,
DeLTA_ET222_2,DeLTA,train,0.1.0,
DeLTA_ET419_2,DeLTA,train,0.1.0,
DeLTA_ML104_2,DeLTA,train,0.1.0,
DeLTA_Rs228_1,DeLTA,train,0.1.0,
DeLTA_CT123_1,DeLTA,train,0.1.0,
DeLTA_RF310_1,DeLTA,train,0.1.0,
DeLTA_CT116_1,DeLTA,dev,0.1.0,
DeLTA_ts226_2,DeLTA,train,0.1.0,
DeLTA_Rf222_1,DeLTA,test,0.1.0,
DeLTA_SR202_1,DeLTA,train,0.1.0,
DeLTA_Rf104_1,DeLTA,train,0.1.0,
DeLTA_m211_1,DeLTA,train,0.1.0,
DeLTA_Mc206_2,DeLTA,test,0.1.0,
DeLTA_TM403_1,DeLTA,dev,0.1.0,
DeLTA_MC502_2,DeLTA,train,0.1.0,
DeLTA_Rp138_2,DeLTA,train,0.1.0,
DeLTA_bib5_2,DeLTA,dev,0.1.0,
DeLTA_Rs126_1,DeLTA,train,0.1.0,
DeLTA_TM417_1,DeLTA,train,0.1.0,
DeLTA_sr111_1,DeLTA,train,0.1.0,
DeLTA_SM509_2,DeLTA,train,0.1.0,
DeLTA_RS413_1,DeLTA,train,0.1.0,
DeLTA_ET108_2,DeLTA,test,0.1.0,
DeLTA_SM311_1,DeLTA,train,0.1.0,
DeLTA_Rp232_1,DeLTA,train,0.1.0,
DeLTA_Pl102_1,DeLTA,dev,0.1.0,
DeLTA_ET425_2,DeLTA,dev,0.1.0,
DeLTA_TS504_2,DeLTA,train,0.1.0,
DeLTA_ET307_2,DeLTA,train,0.1.0,
DeLTA_AM06_1,DeLTA,train,0.1.0,
DeLTA_sr146_2,DeLTA,train,0.1.0,
DeLTA_NP134_1,DeLTA,train,0.1.0,
DeLTA_Rp102_1,DeLTA,train,0.1.0,
DeLTA_Rs217_2,DeLTA,train,0.1.0,
DeLTA_Rf143_1,DeLTA,train,0.1.0,
DeLTA_Rp206_1,DeLTA,dev,0.1.0,
DeLTA_Rf210_2,DeLTA,train,0.1.0,
DeLTA_MG108_1,DeLTA,train,0.1.0,
DeLTA_ts239_1,DeLTA,train,0.1.0,
DeLTA_ET407_1,DeLTA,train,0.1.0,
DeLTA_Rs119_2,DeLTA,train,0.1.0,
DeLTA_cp20_2,DeLTA,train,0.1.0,
DeLTA_SC222_1,DeLTA,train,0.1.0,
DeLTA_sr144_1,DeLTA,test,0.1.0,
DeLTA_Rf209_2,DeLTA,dev,0.1.0,
DeLTA_ET113_3,DeLTA,train,0.1.0,
DeLTA_ET109_1,DeLTA,train,0.1.0,
DeLTA_CT311_1,DeLTA,train,0.1.0,
DeLTA_ET410_1,DeLTA,train,0.1.0,
DeLTA_MG320_1,DeLTA,train,0.1.0,
DeLTA_MC511_1,DeLTA,train,0.1.0,
DeLTA_Rf101_1,DeLTA,train,0.1.0,
DeLTA_CT520_2,DeLTA,train,0.1.0,
DeLTA_CT517_1,DeLTA,train,0.1.0,
DeLTA_m113_2,DeLTA,train,0.1.0,
DeLTA_SM501_1,DeLTA,train,0.1.0,
DeLTA_sr131_1,DeLTA,train,0.1.0,
DeLTA_Pl231_2,DeLTA,test,0.1.0,
DeLTA_MG321_1,DeLTA,train,0.1.0,
DeLTA_Rs102_1,DeLTA,train,0.1.0,
DeLTA_cv22_1,DeLTA,test,0.1.0,
DeLTA_ET425_1,DeLTA,train,0.1.0,
DeLTA_SM415_1,DeLTA,train,0.1.0,
DeLTA_Mc114_1,DeLTA,train,0.1.0,
DeLTA_RF313_1,DeLTA,train,0.1.0,
DeLTA_ET212_2,DeLTA,dev,0.1.0,
DeLTA_RP301_1,DeLTA,dev,0.1.0,
DeLTA_SM405_1,DeLTA,train,0.1.0,
DeLTA_PL403_1,DeLTA,train,0.1.0,
DeLTA_ts314_2,DeLTA,train,0.1.0,
DeLTA_Pl203_2,DeLTA,train,0.1.0,
DeLTA_Mc111_1,DeLTA,test,0.1.0,
DeLTA_tm112_1,DeLTA,train,0.1.0,
DeLTA_RP306_2,DeLTA,train,0.1.0,
DeLTA_Rs318_1,DeLTA,train,0.1.0,
DeLTA_SR218_2,DeLTA,train,0.1.0,
DeLTA_TS523_2,DeLTA,test,0.1.0,
DeLTA_SR225_1,DeLTA,train,0.1.0,
DeLTA_MC532_2,DeLTA,train,0.1.0,
DeLTA_SM313_2,DeLTA,train,0.1.0,
DeLTA_PL324_1,DeLTA,train,0.1.0,
DeLTA_TS540_1,DeLTA,train,0.1.0,
DeLTA_Rs201_2,DeLTA,train,0.1.0,
DeLTA_ET111_2,DeLTA,train,0.1.0,
DeLTA_PL428_2,DeLTA,test,0.1.0,
DeLTA_TS538_2,DeLTA,train,0.1.0,
DeLTA_RP334_2,DeLTA,train,0.1.0,
DeLTA_Mc317_2,DeLTA,dev,0.1.0,
DeLTA_CT406_1,DeLTA,train,0.1.0,
DeLTA_SR228_2,DeLTA,test,0.1.0,
DeLTA_Rs209_2,DeLTA,train,0.1.0,
DeLTA_PL116_2,DeLTA,train,0.1.0,
DeLTA_SR209_2,DeLTA,train,0.1.0,
DeLTA_RF318_2,DeLTA,train,0.1.0,
DeLTA_TS521_1,DeLTA,train,0.1.0,
DeLTA_ET210_1,DeLTA,train,0.1.0,
DeLTA_TS508_2,DeLTA,dev,0.1.0,
DeLTA_SC220_2,DeLTA,train,0.1.0,
DeLTA_ET302_1,DeLTA,test,0.1.0,
DeLTA_SM503_2,DeLTA,dev,0.1.0,
DeLTA_tm326_2,DeLTA,train,0.1.0,
DeLTA_tm322_1,DeLTA,train,0.1.0,
DeLTA_Ts405_2,DeLTA,dev,0.1.0,
DeLTA_MC506_1,DeLTA,train,0.1.0,
DeLTA_MC509_1,DeLTA,train,0.1.0,
DeLTA_Rp218_2,DeLTA,train,0.1.0,
DeLTA_Mc106_4,DeLTA,train,0.1.0,
DeLTA_PL120_2,DeLTA,train,0.1.0,
DeLTA_RP302_1,DeLTA,train,0.1.0,
DeLTA_Mc328_1,DeLTA,train,0.1.0,
DeLTA_TS524_3,DeLTA,test,0.1.0,
DeLTA_MG204_1,DeLTA,train,0.1.0,
DeLTA_Rs231_2,DeLTA,train,0.1.0,
DeLTA_Rp139_1,DeLTA,train,0.1.0,
DeLTA_ts312_2,DeLTA,train,0.1.0,
DeLTA_sr116_1,DeLTA,train,0.1.0,
DeLTA_ts218_2,DeLTA,train,0.1.0,
DeLTA_RF327_2,DeLTA,train,0.1.0,
DeLTA_RP326_1,DeLTA,train,0.1.0,
DeLTA_cv214_2,DeLTA,train,0.1.0,
DeLTA_SR235_1,DeLTA,test,0.1.0,
DeLTA_Rf117_3,DeLTA,dev,0.1.0,
DeLTA_MG334_1,DeLTA,test,0.1.0,
DeLTA_tm105_1,DeLTA,train,0.1.0,
DeLTA_RS407_2,DeLTA,train,0.1.0,
DeLTA_sc101_1,DeLTA,train,0.1.0,
DeLTA_SR206_1,DeLTA,train,0.1.0,
DeLTA_sr124_2,DeLTA,train,0.1.0,
DeLTA_TS540_2,DeLTA,train,0.1.0,
DeLTA_ts311_1,DeLTA,train,0.1.0,
DeLTA_CT528_2,DeLTA,train,0.1.0,
DeLTA_CT504_1,DeLTA,dev,0.1.0,
DeLTA_ts214_1,DeLTA,train,0.1.0,
DeLTA_Rp116_2,DeLTA,train,0.1.0,
DeLTA_sc103_2,DeLTA,dev,0.1.0,
DeLTA_Ts423_3,DeLTA,train,0.1.0,
DeLTA_Rf139_2,DeLTA,train,0.1.0,
DeLTA_CT319_1,DeLTA,train,0.1.0,
DeLTA_CT508_2,DeLTA,train,0.1.0,
DeLTA_ET113_2,DeLTA,train,0.1.0,
DeLTA_CT403_2,DeLTA,train,0.1.0,
DeLTA_cp0_1,DeLTA,train,0.1.0,
DeLTA_MC540_2,DeLTA,train,0.1.0,
DeLTA_MC527_2,DeLTA,train,0.1.0,
DeLTA_PL402_2,DeLTA,train,0.1.0,
DeLTA_PL339_2,DeLTA,train,0.1.0,
DeLTA_MC512_1,DeLTA,train,0.1.0,
DeLTA_CT508_1,DeLTA,train,0.1.0,
DeLTA_Rf211_1,DeLTA,dev,0.1.0,
DeLTA_PL332_2,DeLTA,train,0.1.0,
DeLTA_sr105_2,DeLTA,train,0.1.0,
DeLTA_RF317_2,DeLTA,train,0.1.0,
DeLTA_2cv61_1,DeLTA,dev,0.1.0,
DeLTA_Rf214_2,DeLTA,train,0.1.0,
DeLTA_m23_2,DeLTA,train,0.1.0,
DeLTA_Pl220_2,DeLTA,train,0.1.0,
DeLTA_RF338_2,DeLTA,dev,0.1.0,
DeLTA_NP129_2,DeLTA,train,0.1.0,
DeLTA_SM418_1,DeLTA,train,0.1.0,
DeLTA_SM418_2,DeLTA,train,0.1.0,
DeLTA_MG304_1,DeLTA,test,0.1.0,
DeLTA_RS434_1,DeLTA,train,0.1.0,
DeLTA_Rp227_1,DeLTA,train,0.1.0,
DeLTA_sc122_2,DeLTA,train,0.1.0,
DeLTA_RF313_2,DeLTA,dev,0.1.0,
DeLTA_tm213_2,DeLTA,train,0.1.0,
DeLTA_Rs121_2,DeLTA,train,0.1.0,
DeLTA_ts212_1,DeLTA,train,0.1.0,
DeLTA_cp9_1,DeLTA,train,0.1.0,
DeLTA_sc101_2,DeLTA,train,0.1.0,
DeLTA_sc131_2,DeLTA,train,0.1.0,
DeLTA_MC517_1,DeLTA,train,0.1.0,
DeLTA_tm215_1,DeLTA,train,0.1.0,
DeLTA_Mc324_2,DeLTA,train,0.1.0,
DeLTA_Mc416_1,DeLTA,test,0.1.0,
DeLTA_CT203_2,DeLTA,test,0.1.0,
DeLTA_RP318_1,DeLTA,test,0.1.0,
DeLTA_CT101_2,DeLTA,test,0.1.0,
DeLTA_sc113_2,DeLTA,dev,0.1.0,
DeLTA_MG205_2,DeLTA,dev,0.1.0,
DeLTA_cv38_2,DeLTA,train,0.1.0,
DeLTA_sr137_2,DeLTA,train,0.1.0,
DeLTA_Rf204_1,DeLTA,train,0.1.0,
DeLTA_PL305_1,DeLTA,test,0.1.0,
DeLTA_PL438_1,DeLTA,train,0.1.0,
DeLTA_Ts411_1,DeLTA,train,0.1.0,
DeLTA_SC203_2,DeLTA,train,0.1.0,
DeLTA_CT518_2,DeLTA,train,0.1.0,
DeLTA_MC512_2,DeLTA,dev,0.1.0,
DeLTA_Rs223_2,DeLTA,dev,0.1.0,
DeLTA_cp14_1,DeLTA,test,0.1.0,
DeLTA_MG303_2,DeLTA,dev,0.1.0,
DeLTA_mc102_1,DeLTA,test,0.1.0,
DeLTA_Rf205_2,DeLTA,train,0.1.0,
DeLTA_ET436_2,DeLTA,dev,0.1.0,
DeLTA_PL430_1,DeLTA,dev,0.1.0,
DeLTA_tm208_1,DeLTA,train,0.1.0,
DeLTA_ML206_2,DeLTA,dev,0.1.0,
DeLTA_RP313_1,DeLTA,train,0.1.0,
DeLTA_Pl210_1,DeLTA,train,0.1.0,
DeLTA_ET420_1,DeLTA,train,0.1.0,
DeLTA_CT123_2,DeLTA,test,0.1.0,
DeLTA_ET122_2,DeLTA,train,0.1.0,
DeLTA_sr117_2,DeLTA,train,0.1.0,
DeLTA_ts215_1,DeLTA,train,0.1.0,
DeLTA_MG220_2,DeLTA,train,0.1.0,
DeLTA_CT406_2,DeLTA,dev,0.1.0,
DeLTA_Rf225_2,DeLTA,train,0.1.0,
DeLTA_PL435_1,DeLTA,train,0.1.0,
DeLTA_CT516_2,DeLTA,test,0.1.0,
DeLTA_cp21_1,DeLTA,test,0.1.0,
DeLTA_ET116_1,DeLTA,train,0.1.0,
DeLTA_CT117_2,DeLTA,train,0.1.0,
DeLTA_tm203_2,DeLTA,train,0.1.0,
DeLTA_CT104_1,DeLTA,dev,0.1.0,
DeLTA_Rs225_2,DeLTA,train,0.1.0,
DeLTA_Rs206_2,DeLTA,train,0.1.0,
DeLTA_Rp215_1,DeLTA,train,0.1.0,
DeLTA_Mc103_2,DeLTA,test,0.1.0,
DeLTA_tm310_1,DeLTA,train,0.1.0,
DeLTA_ML105_2,DeLTA,train,0.1.0,
DeLTA_CT540_2,DeLTA,train,0.1.0,
DeLTA_Mc116_2,DeLTA,train,0.1.0,
DeLTA_PL331_1,DeLTA,test,0.1.0,
DeLTA_MG214_2,DeLTA,dev,0.1.0,
DeLTA_SM401_2,DeLTA,train,0.1.0,
DeLTA_CT119_1,DeLTA,train,0.1.0,
DeLTA_Rs311_1,DeLTA,test,0.1.0,
DeLTA_ts315_1,DeLTA,train,0.1.0,
DeLTA_st106_2,DeLTA,train,0.1.0,
DeLTA_RS440_2,DeLTA,train,0.1.0,
DeLTA_Rp209_1,DeLTA,train,0.1.0,
DeLTA_Rf215_2,DeLTA,dev,0.1.0,
DeLTA_CT114_1,DeLTA,dev,0.1.0,
DeLTA_Rs115_2,DeLTA,train,0.1.0,
DeLTA_NP142_2,DeLTA,test,0.1.0,
DeLTA_RP305_1,DeLTA,train,0.1.0,
DeLTA_SM518_1,DeLTA,train,0.1.0,
DeLTA_SC205_1,DeLTA,train,0.1.0,
DeLTA_CT506_2,DeLTA,dev,0.1.0,
DeLTA_PL338_1,DeLTA,train,0.1.0,
DeLTA_cv213_1,DeLTA,train,0.1.0,
DeLTA_ET311_1,DeLTA,dev,0.1.0,
DeLTA_TS541_3,DeLTA,train,0.1.0,
DeLTA_2cv51_1,DeLTA,train,0.1.0,
DeLTA_SM404_2,DeLTA,train,0.1.0,
DeLTA_TM412_2,DeLTA,train,0.1.0,
DeLTA_ET120_1,DeLTA,train,0.1.0,
DeLTA_MG328_1,DeLTA,test,0.1.0,
DeLTA_NP127_2,DeLTA,train,0.1.0,
DeLTA_RS402_1,DeLTA,train,0.1.0,
DeLTA_ET413_2,DeLTA,test,0.1.0,
DeLTA_SM512_1,DeLTA,train,0.1.0,
DeLTA_bib12_1,DeLTA,test,0.1.0,
DeLTA_ts305_1,DeLTA,dev,0.1.0,
DeLTA_SM520_1,DeLTA,dev,0.1.0,
DeLTA_MG201_1,DeLTA,train,0.1.0,
DeLTA_sc119_1,DeLTA,test,0.1.0,
DeLTA_tm121_1,DeLTA,train,0.1.0,
DeLTA_Rs228_2,DeLTA,train,0.1.0,
DeLTA_Rs321_1,DeLTA,test,0.1.0,
DeLTA_PL323_1,DeLTA,train,0.1.0,
DeLTA_MG331_1,DeLTA,train,0.1.0,
DeLTA_cp20_1,DeLTA,dev,0.1.0,
DeLTA_Rf113_3,DeLTA,train,0.1.0,
DeLTA_Mc330_1,DeLTA,train,0.1.0,
DeLTA_ts210_1,DeLTA,train,0.1.0,
DeLTA_RF323_2,DeLTA,train,0.1.0,
DeLTA_MG301_2,DeLTA,train,0.1.0,
DeLTA_RS433_1,DeLTA,test,0.1.0,
DeLTA_cp6_1,DeLTA,test,0.1.0,
DeLTA_ts313_1,DeLTA,train,0.1.0,
DeLTA_Mc309_1,DeLTA,train,0.1.0,
DeLTA_Rp130_2,DeLTA,train,0.1.0,
DeLTA_MC535_1,DeLTA,dev,0.1.0,
DeLTA_ML132_2,DeLTA,train,0.1.0,
DeLTA_ET118_2,DeLTA,dev,0.1.0,
DeLTA_PL401_2,DeLTA,train,0.1.0,
DeLTA_Rf121_2,DeLTA,train,0.1.0,
DeLTA_TM402_1,DeLTA,train,0.1.0,
DeLTA_ET412_1,DeLTA,train,0.1.0,
DeLTA_MG312_2,DeLTA,train,0.1.0,
DeLTA_tm320_1,DeLTA,train,0.1.0,
DeLTA_SM519_1,DeLTA,train,0.1.0,
DeLTA_ts232_1,DeLTA,train,0.1.0,
DeLTA_cp11_1,DeLTA,train,0.1.0,
DeLTA_RP322_1,DeLTA,dev,0.1.0,
DeLTA_ts303_2,DeLTA,train,0.1.0,
DeLTA_Rf118_2,DeLTA,train,0.1.0,
DeLTA_Rf227_3,DeLTA,dev,0.1.0,
DeLTA_MG211_2,DeLTA,train,0.1.0,
DeLTA_SM515_2,DeLTA,test,0.1.0,
DeLTA_Mc305_1,DeLTA,train,0.1.0,
DeLTA_RS424_2,DeLTA,train,0.1.0,
DeLTA_Rp116_3,DeLTA,test,0.1.0,
DeLTA_RS432_1,DeLTA,dev,0.1.0,
DeLTA_SC204_2,DeLTA,train,0.1.0,
DeLTA_tm308_1,DeLTA,train,0.1.0,
DeLTA_tm223_2,DeLTA,train,0.1.0,
DeLTA_PL402_1,DeLTA,dev,0.1.0,
DeLTA_ts309_1,DeLTA,train,0.1.0,
DeLTA_ts235_2,DeLTA,train,0.1.0,
DeLTA_PL107_1,DeLTA,train,0.1.0,
DeLTA_Pl213_2,DeLTA,train,0.1.0,
DeLTA_cv22_2,DeLTA,train,0.1.0,
DeLTA_Ts424_2,DeLTA,dev,0.1.0,
DeLTA_NP139_2,DeLTA,train,0.1.0,
DeLTA_RF316_2,DeLTA,train,0.1.0,
DeLTA_tm120_1,DeLTA,dev,0.1.0,
DeLTA_PL424_2,DeLTA,train,0.1.0,
DeLTA_TS533_1,DeLTA,test,0.1.0,
DeLTA_SM314_2,DeLTA,dev,0.1.0,
DeLTA_Rf117_1,DeLTA,train,0.1.0,
DeLTA_ET106_1,DeLTA,dev,0.1.0,
DeLTA_Rp114_2,DeLTA,train,0.1.0,
DeLTA_MG119_2,DeLTA,dev,0.1.0,
DeLTA_PL339_1,DeLTA,train,0.1.0,
DeLTA_2cv32_2,DeLTA,test,0.1.0,
DeLTA_ET116_2,DeLTA,train,0.1.0,
DeLTA_ET102_1,DeLTA,test,0.1.0,
DeLTA_MG323_1,DeLTA,train,0.1.0,
DeLTA_SR219_1,DeLTA,train,0.1.0,
DeLTA_MG329_2,DeLTA,train,0.1.0,
DeLTA_Rs331_2,DeLTA,train,0.1.0,
DeLTA_ET420_2,DeLTA,train,0.1.0,
DeLTA_Mc307_1,DeLTA,train,0.1.0,
DeLTA_SR232_2,DeLTA,test,0.1.0,
DeLTA_Mc412_2,DeLTA,test,0.1.0,
DeLTA_TS521_2,DeLTA,train,0.1.0,
DeLTA_cv210_1,DeLTA,train,0.1.0,
DeLTA_SM304_2,DeLTA,train,0.1.0,
DeLTA_Pl102_3,DeLTA,train,0.1.0,
DeLTA_sr119_2,DeLTA,train,0.1.0,
DeLTA_sr115_2,DeLTA,train,0.1.0,
DeLTA_SR236_2,DeLTA,dev,0.1.0,
DeLTA_Rp122_1,DeLTA,train,0.1.0,
DeLTA_PL332_1,DeLTA,train,0.1.0,
DeLTA_MC523_1,DeLTA,test,0.1.0,
DeLTA_sc129_2,DeLTA,train,0.1.0,
DeLTA_Rs304_1,DeLTA,train,0.1.0,
DeLTA_PL429_2,DeLTA,train,0.1.0,
DeLTA_PL434_2,DeLTA,train,0.1.0,
DeLTA_Mc415_2,DeLTA,test,0.1.0,
DeLTA_Rs229_1,DeLTA,test,0.1.0,
DeLTA_SM408_2,DeLTA,test,0.1.0,
DeLTA_Rf112_2,DeLTA,train,0.1.0,
DeLTA_PL309_1,DeLTA,dev,0.1.0,
DeLTA_tm119_2,DeLTA,dev,0.1.0,
DeLTA_Rs126_2,DeLTA,train,0.1.0,
DeLTA_TM405_2,DeLTA,train,0.1.0,
DeLTA_Rs220_2,DeLTA,train,0.1.0,
DeLTA_RP333_1,DeLTA,train,0.1.0,
DeLTA_Rf130_1,DeLTA,train,0.1.0,
DeLTA_Rs214_2,DeLTA,train,0.1.0,
DeLTA_Rs124_2,DeLTA,dev,0.1.0,
DeLTA_sc118_1,DeLTA,train,0.1.0,
DeLTA_tm307_2,DeLTA,test,0.1.0,
DeLTA_sr105_1,DeLTA,dev,0.1.0,
DeLTA_ET105_2,DeLTA,test,0.1.0,
DeLTA_SC209_2,DeLTA,dev,0.1.0,
DeLTA_NP123_2,DeLTA,train,0.1.0,
DeLTA_Pl216_1,DeLTA,train,0.1.0,
DeLTA_Rs305_1,DeLTA,dev,0.1.0,
DeLTA_SR242_2,DeLTA,train,0.1.0,
DeLTA_Ts423_1,DeLTA,dev,0.1.0,
DeLTA_Mc321_2,DeLTA,train,0.1.0,
DeLTA_Mc331_1,DeLTA,test,0.1.0,
DeLTA_TM437_2,DeLTA,dev,0.1.0,
DeLTA_ML131_5,DeLTA,train,0.1.0,
DeLTA_RP328_2,DeLTA,train,0.1.0,
DeLTA_RP322_2,DeLTA,train,0.1.0,
DeLTA_MG313_1,DeLTA,train,0.1.0,
DeLTA_Rs203_1,DeLTA,train,0.1.0,
DeLTA_MG205_1,DeLTA,train,0.1.0,
DeLTA_Rf141_1,DeLTA,train,0.1.0,
DeLTA_ET114_2,DeLTA,train,0.1.0,
DeLTA_RF344_1,DeLTA,train,0.1.0,
DeLTA_CT116_2,DeLTA,train,0.1.0,
DeLTA_SR241_2,DeLTA,train,0.1.0,
DeLTA_Rf113_2,DeLTA,train,0.1.0,
DeLTA_ts237_2,DeLTA,test,0.1.0,
DeLTA_MC539_2,DeLTA,train,0.1.0,
DeLTA_2cv12_2,DeLTA,dev,0.1.0,
DeLTA_ML106_2,DeLTA,train,0.1.0,
DeLTA_TS514_1,DeLTA,train,0.1.0,
DeLTA_Mc336_2,DeLTA,train,0.1.0,
DeLTA_MC501_2,DeLTA,train,0.1.0,
DeLTA_tm319_2,DeLTA,train,0.1.0,
DeLTA_MG319_1,DeLTA,train,0.1.0,
DeLTA_PL314_1,DeLTA,dev,0.1.0,
DeLTA_TS515_1,DeLTA,train,0.1.0,
DeLTA_MC530_2,DeLTA,train,0.1.0,
DeLTA_sr112_2,DeLTA,train,0.1.0,
DeLTA_m11_2,DeLTA,dev,0.1.0,
DeLTA_tm203_1,DeLTA,train,0.1.0,
DeLTA_Rs231_1,DeLTA,train,0.1.0,
DeLTA_tm218_1,DeLTA,train,0.1.0,
DeLTA_MG201_2,DeLTA,dev,0.1.0,
DeLTA_Ts412_2,DeLTA,dev,0.1.0,
DeLTA_MC514_1,DeLTA,train,0.1.0,
DeLTA_RS430_2,DeLTA,train,0.1.0,
DeLTA_Rf105_2,DeLTA,train,0.1.0,
DeLTA_SM502_1,DeLTA,train,0.1.0,
DeLTA_PL202_1,DeLTA,test,0.1.0,
DeLTA_cp12_1,DeLTA,train,0.1.0,
DeLTA_ET204_1,DeLTA,train,0.1.0,
DeLTA_2cv15_1,DeLTA,dev,0.1.0,
DeLTA_Rs210_2,DeLTA,train,0.1.0,
DeLTA_ts216_1,DeLTA,train,0.1.0,
DeLTA_Mc101_2,DeLTA,train,0.1.0,
DeLTA_MC537_1,DeLTA,test,0.1.0,
DeLTA_Rf134_2,DeLTA,dev,0.1.0,
DeLTA_Rs327_1,DeLTA,train,0.1.0,
DeLTA_PL416_2,DeLTA,train,0.1.0,
DeLTA_Pl211_2,DeLTA,train,0.1.0,
DeLTA_SM517_2,DeLTA,train,0.1.0,
DeLTA_PL321_1,DeLTA,dev,0.1.0,
DeLTA_TM401_2,DeLTA,train,0.1.0,
DeLTA_Mc417_2,DeLTA,train,0.1.0,
DeLTA_sc128_2,DeLTA,train,0.1.0,
DeLTA_Ts417_2,DeLTA,train,0.1.0,
DeLTA_Rf118_1,DeLTA,train,0.1.0,
DeLTA_ET419_1,DeLTA,dev,0.1.0,
DeLTA_RS403_1,DeLTA,train,0.1.0,
DeLTA_Mc118_1,DeLTA,test,0.1.0,
DeLTA_Mc104_2,DeLTA,train,0.1.0,
DeLTA_TM420_1,DeLTA,train,0.1.0,
DeLTA_CT327_1,DeLTA,train,0.1.0,
DeLTA_TS528_1,DeLTA,train,0.1.0,
DeLTA_ET215_2,DeLTA,test,0.1.0,
DeLTA_TS522_2,DeLTA,train,0.1.0,
DeLTA_ML203_1,DeLTA,dev,0.1.0,
DeLTA_RF307_1,DeLTA,dev,0.1.0,
DeLTA_Mc106_2,DeLTA,train,0.1.0,
DeLTA_PL334_1,DeLTA,test,0.1.0,
DeLTA_CT532_1,DeLTA,dev,0.1.0,
DeLTA_tm208_2,DeLTA,train,0.1.0,
DeLTA_NP112_2,DeLTA,train,0.1.0,
DeLTA_Ts425_2,DeLTA,train,0.1.0,
DeLTA_cv15_1,DeLTA,train,0.1.0,
DeLTA_Rs103_1,DeLTA,dev,0.1.0,
DeLTA_PL418_1,DeLTA,train,0.1.0,
DeLTA_PL436_2,DeLTA,train,0.1.0,
DeLTA_ET210_2,DeLTA,train,0.1.0,
DeLTA_NP157_1,DeLTA,train,0.1.0,
DeLTA_SM412_2,DeLTA,train,0.1.0,
DeLTA_tm133_2,DeLTA,dev,0.1.0,
DeLTA_tm309_3,DeLTA,train,0.1.0,
DeLTA_ET102_2,DeLTA,train,0.1.0,
DeLTA_SM406_2,DeLTA,train,0.1.0,
DeLTA_SR247_1,DeLTA,train,0.1.0,
DeLTA_PL302_1,DeLTA,train,0.1.0,
DeLTA_PL413_1,DeLTA,train,0.1.0,
DeLTA_tm217_2,DeLTA,train,0.1.0,
DeLTA_ET111_1,DeLTA,dev,0.1.0,
DeLTA_ET308_1,DeLTA,train,0.1.0,
DeLTA_MC503_1,DeLTA,train,0.1.0,
DeLTA_ts239_2,DeLTA,dev,0.1.0,
DeLTA_MC529_1,DeLTA,test,0.1.0,
DeLTA_Rs220_1,DeLTA,dev,0.1.0,
DeLTA_ET122_1,DeLTA,dev,0.1.0,
DeLTA_PL310_1,DeLTA,train,0.1.0,
DeLTA_ts321_1,DeLTA,train,0.1.0,
DeLTA_CT522_1,DeLTA,train,0.1.0,
DeLTA_MC508_1,DeLTA,train,0.1.0,
DeLTA_CT313_1,DeLTA,train,0.1.0,
DeLTA_sc130_1,DeLTA,test,0.1.0,
DeLTA_Ts419_2,DeLTA,dev,0.1.0,
DeLTA_sc123_2,DeLTA,train,0.1.0,
DeLTA_sc123_1,DeLTA,train,0.1.0,
DeLTA_MG102_2,DeLTA,train,0.1.0,
DeLTA_tm101_2,DeLTA,test,0.1.0,
DeLTA_Rf133_1,DeLTA,train,0.1.0,
DeLTA_SM413_1,DeLTA,test,0.1.0,
DeLTA_tm333_1,DeLTA,dev,0.1.0,
DeLTA_MG202_1,DeLTA,train,0.1.0,
DeLTA_TS539_1,DeLTA,train,0.1.0,
DeLTA_ET110_2,DeLTA,train,0.1.0,
DeLTA_MG317_1,DeLTA,train,0.1.0,
DeLTA_SC205_2,DeLTA,dev,0.1.0,
DeLTA_Rf227_2,DeLTA,train,0.1.0,
DeLTA_SC224_1,DeLTA,train,0.1.0,
