benchmark_version,task_id,task_version,split_version,dataset_id,partition,scope,feature_set,model_id,target,metric,value,n_train,n_eval,random_seed,run_id
0.1.0-dev,delta_annoyance,0.1.0,0.1.0,DeLTA,dev,record,delta_source_indicators,delta_annoyance_from_observed_sources_rf,mean_annoyance,mae,1.0178438203182316,2012,441,2026,delta_annoyance__delta__delta_annoyance_from_observed_sources_rf__seed2026
0.1.0-dev,delta_annoyance,0.1.0,0.1.0,DeLTA,dev,record,delta_source_indicators,delta_annoyance_from_observed_sources_rf,mean_annoyance,pearson_r,0.41477412191327745,2012,441,2026,delta_annoyance__delta__delta_annoyance_from_observed_sources_rf__seed2026
0.1.0-dev,delta_annoyance,0.1.0,0.1.0,DeLTA,dev,record,delta_source_indicators,delta_annoyance_from_observed_sources_rf,mean_annoyance,r2,0.15866027793091964,2012,441,2026,delta_annoyance__delta__delta_annoyance_from_observed_sources_rf__seed2026
0.1.0-dev,delta_annoyance,0.1.0,0.1.0,DeLTA,dev,record,delta_source_indicators,delta_annoyance_from_observed_sources_rf,mean_annoyance,rmse,1.2876751541458211,2012,441,2026,delta_annoyance__delta__delta_annoyance_from_observed_sources_rf__seed2026
0.1.0-dev,delta_annoyance,0.1.0,0.1.0,DeLTA,dev,record,delta_source_indicators,delta_annoyance_from_observed_sources_rf,mean_annoyance,spearman_rho,0.43339025236085393,2012,441,2026,delta_annoyance__delta__delta_annoyance_from_observed_sources_rf__seed2026
0.1.0-dev,delta_annoyance,0.1.0,0.1.0,DeLTA,test,record,delta_source_indicators,delta_annoyance_from_observed_sources_rf,mean_annoyance,mae,1.0222668285698868,2012,437,2026,delta_annoyance__delta__delta_annoyance_from_observed_sources_rf__seed2026
0.1.0-dev,delta_annoyance,0.1.0,0.1.0,DeLTA,test,record,delta_source_indicators,delta_annoyance_from_observed_sources_rf,mean_annoyance,pearson_r,0.4063816798313639,2012,437,2026,delta_annoyance__delta__delta_annoyance_from_observed_sources_rf__seed2026
0.1.0-dev,delta_annoyance,0.1.0,0.1.0,DeLTA,test,record,delta_source_indicators,delta_annoyance_from_observed_sources_rf,mean_annoyance,r2,0.14630482856803773,2012,437,2026,delta_annoyance__delta__delta_annoyance_from_observed_sources_rf__seed2026
0.1.0-dev,delta_annoyance,0.1.0,0.1.0,DeLTA,test,record,delta_source_indicators,delta_annoyance_from_observed_sources_rf,mean_annoyance,rmse,1.248405060303881,2012,437,2026,delta_annoyance__delta__delta_annoyance_from_observed_sources_rf__seed2026
0.1.0-dev,delta_annoyance,0.1.0,0.1.0,DeLTA,test,record,delta_source_indicators,delta_annoyance_from_observed_sources_rf,mean_annoyance,spearman_rho,0.40304970314660277,2012,437,2026,delta_annoyance__delta__delta_annoyance_from_observed_sources_rf__seed2026
0.1.0-dev,delta_annoyance,0.1.0,0.1.0,DeLTA,dev,record,delta_source_indicators,delta_annoyance_from_observed_sources_rf,mean_annoyance,mae,1.0171069162779358,2012,441,2027,delta_annoyance__delta__delta_annoyance_from_observed_sources_rf__seed2027
0.1.0-dev,delta_annoyance,0.1.0,0.1.0,DeLTA,dev,record,delta_source_indicators,delta_annoyance_from_observed_sources_rf,mean_annoyance,pearson_r,0.4149053102397787,2012,441,2027,delta_annoyance__delta__delta_annoyance_from_observed_sources_rf__seed2027
0.1.0-dev,delta_annoyance,0.1.0,0.1.0,DeLTA,dev,record,delta_source_indicators,delta_annoyance_from_observed_sources_rf,mean_annoyance,r2,0.158784395650874,2012,441,2027,delta_annoyance__delta__delta_annoyance_from_observed_sources_rf__seed2027
0.1.0-dev,delta_annoyance,0.1.0,0.1.0,DeLTA,dev,record,delta_source_indicators,delta_annoyance_from_observed_sources_rf,mean_annoyance,rmse,1.2875801692099764,2012,441,2027,delta_annoyance__delta__delta_annoyance_from_observed_sources_rf__seed2027
0.1.0-dev,delta_annoyance,0.1.0,0.1.0,DeLTA,dev,record,delta_source_indicators,delta_annoyance_from_observed_sources_rf,mean_annoyance,spearman_rho,0.4368207236669479,2012,441,2027,delta_annoyance__delta__delta_annoyance_from_observed_sources_rf__seed2027
0.1.0-dev,delta_annoyance,0.1.0,0.1.0,DeLTA,test,record,delta_source_indicators,delta_annoyance_from_observed_sources_rf,mean_annoyance,mae,1.0192720658127261,2012,437,2027,delta_annoyance__delta__delta_annoyance_from_observed_sources_rf__seed2027
0.1.0-dev,delta_annoyance,0.1.0,0.1.0,DeLTA,test,record,delta_source_indicators,delta_annoyance_from_observed_sources_rf,mean_annoyance,pearson_r,0.410209057741336,2012,437,2027,delta_annoyance__delta__delta_annoyance_from_observed_sources_rf__seed2027
0.1.0-dev,delta_annoyance,0.1.0,0.1.0,DeLTA,test,record,delta_source_indicators,delta_annoyance_from_observed_sources_rf,mean_annoyance,r2,0.1503146173916513,2012,437,2027,delta_annoyance__delta__delta_annoyance_from_observed_sources_rf__seed2027
0.1.0-dev,delta_annoyance,0.1.0,0.1.0,DeLTA,test,record,delta_source_indicators,delta_annoyance_from_observed_sources_rf,mean_annoyance,rmse,1.2454697429013533,2012,437,2027,delta_annoyance__delta__delta_annoyance_from_observed_sources_rf__seed2027
0.1.0-dev,delta_annoyance,0.1.0,0.1.0,DeLTA,test,record,delta_source_indicators,delta_annoyance_from_observed_sources_rf,mean_annoyance,spearman_rho,0.40586585053528823,2012,437,2027,delta_annoyance__delta__delta_annoyance_from_observed_sources_rf__seed2027
0.1.0-dev,delta_annoyance,0.1.0,0.1.0,DeLTA,dev,record,delta_source_indicators,delta_annoyance_from_observed_sources_rf,mean_annoyance,mae,1.020091397847043,2012,441,2028,delta_annoyance__delta__delta_annoyance_from_observed_sources_rf__seed2028
0.1.0-dev,delta_annoyance,0.1.0,0.1.0,DeLTA,dev,record,delta_source_indicators,delta_annoyance_from_observed_sources_rf,mean_annoyance,pearson_r,0.41110601232313004,2012,441,2028,delta_annoyance__delta__delta_annoyance_from_observed_sources_rf__seed2028
0.1.0-dev,delta_annoyance,0.1.0,0.1.0,DeLTA,dev,record,delta_source_indicators,delta_annoyance_from_observed_sources_rf,mean_annoyance,r2,0.15494395897531088,2012,441,2028,delta_annoyance__delta__delta_annoyance_from_observed_sources_rf__seed2028
0.1.0-dev,delta_annoyance,0.1.0,0.1.0,DeLTA,dev,record,delta_source_indicators,delta_annoyance_from_observed_sources_rf,mean_annoyance,rmse,1.2905159440397582,2012,441,2028,delta_annoyance__delta__delta_annoyance_from_observed_sources_rf__seed2028
0.1.0-dev,delta_annoyance,0.1.0,0.1.0,DeLTA,dev,record,delta_source_indicators,delta_annoyance_from_observed_sources_rf,mean_annoyance,spearman_rho,0.4314176424256445,2012,441,2028,delta_annoyance__delta__delta_annoyance_from_observed_sources_rf__seed2028
0.1.0-dev,delta_annoyance,0.1.0,0.1.0,DeLTA,test,record,delta_source_indicators,delta_annoyance_from_observed_sources_rf,mean_annoyance,mae,1.0212321795549786,2012,437,2028,delta_annoyance__delta__delta_annoyance_from_observed_sources_rf__seed2028
0.1.0-dev,delta_annoyance,0.1.0,0.1.0,DeLTA,test,record,delta_source_indicators,delta_annoyance_from_observed_sources_rf,mean_annoyance,pearson_r,0.4098563421186442,2012,437,2028,delta_annoyance__delta__delta_annoyance_from_observed_sources_rf__seed2028
0.1.0-dev,delta_annoyance,0.1.0,0.1.0,DeLTA,test,record,delta_source_indicators,delta_annoyance_from_observed_sources_rf,mean_annoyance,r2,0.14985084629092482,2012,437,2028,delta_annoyance__delta__delta_annoyance_from_observed_sources_rf__seed2028
0.1.0-dev,delta_annoyance,0.1.0,0.1.0,DeLTA,test,record,delta_source_indicators,delta_annoyance_from_observed_sources_rf,mean_annoyance,rmse,1.245809594621446,2012,437,2028,delta_annoyance__delta__delta_annoyance_from_observed_sources_rf__seed2028
0.1.0-dev,delta_annoyance,0.1.0,0.1.0,DeLTA,test,record,delta_source_indicators,delta_annoyance_from_observed_sources_rf,mean_annoyance,spearman_rho,0.40905023002269647,2012,437,2028,delta_annoyance__delta__delta_annoyance_from_observed_sources_rf__seed2028
0.1.0-dev,delta_annoyance,0.1.0,0.1.0,DeLTA,dev,record,delta_source_indicators,delta_annoyance_from_observed_sources_rf,mean_annoyance,mae,1.0174861224981,2012,441,2029,delta_annoyance__delta__delta_annoyance_from_observed_sources_rf__seed2029
0.1.0-dev,delta_annoyance,0.1.0,0.1.0,DeLTA,dev,record,delta_source_indicators,delta_annoyance_from_observed_sources_rf,mean_annoyance,pearson_r,0.4146586138319376,2012,441,2029,delta_annoyance__delta__delta_annoyance_from_observed_sources_rf__seed2029
0.1.0-dev,delta_annoyance,0.1.0,0.1.0,DeLTA,dev,record,delta_source_indicators,delta_annoyance_from_observed_sources_rf,mean_annoyance,r2,0.15913588429109482,2012,441,2029,delta_annoyance__delta__delta_annoyance_from_observed_sources_rf__seed2029
0.1.0-dev,delta_annoyance,0.1.0,0.1.0,DeLTA,dev,record,delta_source_indicators,delta_annoyance_from_observed_sources_rf,mean_annoyance,rmse,1.2873111435968196,2012,441,2029,delta_annoyance__delta__delta_annoyance_from_observed_sources_rf__seed2029
0.1.0-dev,delta_annoyance,0.1.0,0.1.0,DeLTA,dev,record,delta_source_indicators,delta_annoyance_from_observed_sources_rf,mean_annoyance,spearman_rho,0.4370973045405242,2012,441,2029,delta_annoyance__delta__delta_annoyance_from_observed_sources_rf__seed2029
0.1.0-dev,delta_annoyance,0.1.0,0.1.0,DeLTA,test,record,delta_source_indicators,delta_annoyance_from_observed_sources_rf,mean_annoyance,mae,1.0211750840797893,2012,437,2029,delta_annoyance__delta__delta_annoyance_from_observed_sources_rf__seed2029
0.1.0-dev,delta_annoyance,0.1.0,0.1.0,DeLTA,test,record,delta_source_indicators,delta_annoyance_from_observed_sources_rf,mean_annoyance,pearson_r,0.4066949263055021,2012,437,2029,delta_annoyance__delta__delta_annoyance_from_observed_sources_rf__seed2029
0.1.0-dev,delta_annoyance,0.1.0,0.1.0,DeLTA,test,record,delta_source_indicators,delta_annoyance_from_observed_sources_rf,mean_annoyance,r2,0.14770041418791002,2012,437,2029,delta_annoyance__delta__delta_annoyance_from_observed_sources_rf__seed2029
0.1.0-dev,delta_annoyance,0.1.0,0.1.0,DeLTA,test,record,delta_source_indicators,delta_annoyance_from_observed_sources_rf,mean_annoyance,rmse,1.2473842224023841,2012,437,2029,delta_annoyance__delta__delta_annoyance_from_observed_sources_rf__seed2029
0.1.0-dev,delta_annoyance,0.1.0,0.1.0,DeLTA,test,record,delta_source_indicators,delta_annoyance_from_observed_sources_rf,mean_annoyance,spearman_rho,0.40594934570148455,2012,437,2029,delta_annoyance__delta__delta_annoyance_from_observed_sources_rf__seed2029
0.1.0-dev,delta_annoyance,0.1.0,0.1.0,DeLTA,dev,record,delta_source_indicators,delta_annoyance_from_observed_sources_rf,mean_annoyance,mae,1.0209054132262938,2012,441,2030,delta_annoyance__delta__delta_annoyance_from_observed_sources_rf__seed2030
0.1.0-dev,delta_annoyance,0.1.0,0.1.0,DeLTA,dev,record,delta_source_indicators,delta_annoyance_from_observed_sources_rf,mean_annoyance,pearson_r,0.41189824346934,2012,441,2030,delta_annoyance__delta__delta_annoyance_from_observed_sources_rf__seed2030
0.1.0-dev,delta_annoyance,0.1.0,0.1.0,DeLTA,dev,record,delta_source_indicators,delta_annoyance_from_observed_sources_rf,mean_annoyance,r2,0.15601428379033622,2012,441,2030,delta_annoyance__delta__delta_annoyance_from_observed_sources_rf__seed2030
0.1.0-dev,delta_annoyance,0.1.0,0.1.0,DeLTA,dev,record,delta_source_indicators,delta_annoyance_from_observed_sources_rf,mean_annoyance,rmse,1.289698419035921,2012,441,2030,delta_annoyance__delta__delta_annoyance_from_observed_sources_rf__seed2030
0.1.0-dev,delta_annoyance,0.1.0,0.1.0,DeLTA,dev,record,delta_source_indicators,delta_annoyance_from_observed_sources_rf,mean_annoyance,spearman_rho,0.43413593394642,2012,441,2030,delta_annoyance__delta__delta_annoyance_from_observed_sources_rf__seed2030
0.1.0-dev,delta_annoyance,0.1.0,0.1.0,DeLTA,test,record,delta_source_indicators,delta_annoyance_from_observed_sources_rf,mean_annoyance,mae,1.023130978931578,2012,437,2030,delta_annoyance__delta__delta_annoyance_from_observed_sources_rf__seed2030
0.1.0-dev,delta_annoyance,0.1.0,0.1.0,DeLTA,test,record,delta_source_indicators,delta_annoyance_from_observed_sources_rf,mean_annoyance,pearson_r,0.40805679825554386,2012,437,2030,delta_annoyance__delta__delta_annoyance_from_observed_sources_rf__seed2030
0.1.0-dev,delta_annoyance,0.1.0,0.1.0,DeLTA,test,record,delta_source_indicators,delta_annoyance_from_observed_sources_rf,mean_annoyance,r2,0.14894274160008403,2012,437,2030,delta_annoyance__delta__delta_annoyance_from_observed_sources_rf__seed2030
0.1.0-dev,delta_annoyance,0.1.0,0.1.0,DeLTA,test,record,delta_source_indicators,delta_annoyance_from_observed_sources_rf,mean_annoyance,rmse,1.2464747858886447,2012,437,2030,delta_annoyance__delta__delta_annoyance_from_observed_sources_rf__seed2030
0.1.0-dev,delta_annoyance,0.1.0,0.1.0,DeLTA,test,record,delta_source_indicators,delta_annoyance_from_observed_sources_rf,mean_annoyance,spearman_rho,0.4056822540515038,2012,437,2030,delta_annoyance__delta__delta_annoyance_from_observed_sources_rf__seed2030
0.1.0-dev,isd_individual_iso_prediction,0.1.0,0.1.0,ISD,dev,group_kde,tong_style_reduced,tong_style_reduced_rf,ISOEventful,dme,0.5005209653105578,1324,308,2026,isd_individual_iso_prediction__isd__tong_style_reduced_rf__seed2026
0.1.0-dev,isd_individual_iso_prediction,0.1.0,0.1.0,ISD,dev,group_kde,tong_style_reduced,tong_style_reduced_rf,ISOEventful,js_divergence,0.20660659408088622,1324,308,2026,isd_individual_iso_prediction__isd__tong_style_reduced_rf__seed2026
0.1.0-dev,isd_individual_iso_prediction,0.1.0,0.1.0,ISD,dev,group_kde,tong_style_reduced,tong_style_reduced_rf,ISOEventful,kl_divergence,7.284529650339156,1324,308,2026,isd_individual_iso_prediction__isd__tong_style_reduced_rf__seed2026
0.1.0-dev,isd_individual_iso_prediction,0.1.0,0.1.0,ISD,dev,individual,tong_style_reduced,tong_style_reduced_rf,ISOEventful,mae,0.23218141767368483,1324,308,2026,isd_individual_iso_prediction__isd__tong_style_reduced_rf__seed2026
0.1.0-dev,isd_individual_iso_prediction,0.1.0,0.1.0,ISD,dev,individual,tong_style_reduced,tong_style_reduced_rf,ISOEventful,pearson_r,0.1477342898202707,1324,308,2026,isd_individual_iso_prediction__isd__tong_style_reduced_rf__seed2026
0.1.0-dev,isd_individual_iso_prediction,0.1.0,0.1.0,ISD,dev,individual,tong_style_reduced,tong_style_reduced_rf,ISOEventful,r2,-0.02826068911724633,1324,308,2026,isd_individual_iso_prediction__isd__tong_style_reduced_rf__seed2026
0.1.0-dev,isd_individual_iso_prediction,0.1.0,0.1.0,ISD,dev,individual,tong_style_reduced,tong_style_reduced_rf,ISOEventful,rmse,0.2939785043516186,1324,308,2026,isd_individual_iso_prediction__isd__tong_style_reduced_rf__seed2026
0.1.0-dev,isd_individual_iso_prediction,0.1.0,0.1.0,ISD,dev,individual,tong_style_reduced,tong_style_reduced_rf,ISOEventful,spearman_rho,0.16316765130328578,1324,308,2026,isd_individual_iso_prediction__isd__tong_style_reduced_rf__seed2026
0.1.0-dev,isd_individual_iso_prediction,0.1.0,0.1.0,ISD,dev,group_kde,tong_style_reduced,tong_style_reduced_rf,ISOPleasant,dme,0.46476547372593635,1324,308,2026,isd_individual_iso_prediction__isd__tong_style_reduced_rf__seed2026
0.1.0-dev,isd_individual_iso_prediction,0.1.0,0.1.0,ISD,dev,group_kde,tong_style_reduced,tong_style_reduced_rf,ISOPleasant,js_divergence,0.19287067713560188,1324,308,2026,isd_individual_iso_prediction__isd__tong_style_reduced_rf__seed2026
0.1.0-dev,isd_individual_iso_prediction,0.1.0,0.1.0,ISD,dev,group_kde,tong_style_reduced,tong_style_reduced_rf,ISOPleasant,kl_divergence,5.204409703702903,1324,308,2026,isd_individual_iso_prediction__isd__tong_style_reduced_rf__seed2026
0.1.0-dev,isd_individual_iso_prediction,0.1.0,0.1.0,ISD,dev,individual,tong_style_reduced,tong_style_reduced_rf,ISOPleasant,mae,0.33164906224107654,1324,308,2026,isd_individual_iso_prediction__isd__tong_style_reduced_rf__seed2026
0.1.0-dev,isd_individual_iso_prediction,0.1.0,0.1.0,ISD,dev,individual,tong_style_reduced,tong_style_reduced_rf,ISOPleasant,pearson_r,0.37675985485050983,1324,308,2026,isd_individual_iso_prediction__isd__tong_style_reduced_rf__seed2026
0.1.0-dev,isd_individual_iso_prediction,0.1.0,0.1.0,ISD,dev,individual,tong_style_reduced,tong_style_reduced_rf,ISOPleasant,r2,-0.026283855934515543,1324,308,2026,isd_individual_iso_prediction__isd__tong_style_reduced_rf__seed2026
0.1.0-dev,isd_individual_iso_prediction,0.1.0,0.1.0,ISD,dev,individual,tong_style_reduced,tong_style_reduced_rf,ISOPleasant,rmse,0.4174761557665241,1324,308,2026,isd_individual_iso_prediction__isd__tong_style_reduced_rf__seed2026
0.1.0-dev,isd_individual_iso_prediction,0.1.0,0.1.0,ISD,dev,individual,tong_style_reduced,tong_style_reduced_rf,ISOPleasant,spearman_rho,0.3674963512969847,1324,308,2026,isd_individual_iso_prediction__isd__tong_style_reduced_rf__seed2026
0.1.0-dev,isd_individual_iso_prediction,0.1.0,0.1.0,ISD,test,group_kde,tong_style_reduced,tong_style_reduced_rf,ISOEventful,dme,0.4316889949486379,1324,279,2026,isd_individual_iso_prediction__isd__tong_style_reduced_rf__seed2026
0.1.0-dev,isd_individual_iso_prediction,0.1.0,0.1.0,ISD,test,group_kde,tong_style_reduced,tong_style_reduced_rf,ISOEventful,js_divergence,0.14225730128891317,1324,279,2026,isd_individual_iso_prediction__isd__tong_style_reduced_rf__seed2026
0.1.0-dev,isd_individual_iso_prediction,0.1.0,0.1.0,ISD,test,group_kde,tong_style_reduced,tong_style_reduced_rf,ISOEventful,kl_divergence,2.486029763911745,1324,279,2026,isd_individual_iso_prediction__isd__tong_style_reduced_rf__seed2026
0.1.0-dev,isd_individual_iso_prediction,0.1.0,0.1.0,ISD,test,individual,tong_style_reduced,tong_style_reduced_rf,ISOEventful,mae,0.2540219088580793,1324,279,2026,isd_individual_iso_prediction__isd__tong_style_reduced_rf__seed2026
0.1.0-dev,isd_individual_iso_prediction,0.1.0,0.1.0,ISD,test,individual,tong_style_reduced,tong_style_reduced_rf,ISOEventful,pearson_r,0.2623995487387123,1324,279,2026,isd_individual_iso_prediction__isd__tong_style_reduced_rf__seed2026
0.1.0-dev,isd_individual_iso_prediction,0.1.0,0.1.0,ISD,test,individual,tong_style_reduced,tong_style_reduced_rf,ISOEventful,r2,-0.06521751115567387,1324,279,2026,isd_individual_iso_prediction__isd__tong_style_reduced_rf__seed2026
0.1.0-dev,isd_individual_iso_prediction,0.1.0,0.1.0,ISD,test,individual,tong_style_reduced,tong_style_reduced_rf,ISOEventful,rmse,0.32030735812407307,1324,279,2026,isd_individual_iso_prediction__isd__tong_style_reduced_rf__seed2026
0.1.0-dev,isd_individual_iso_prediction,0.1.0,0.1.0,ISD,test,individual,tong_style_reduced,tong_style_reduced_rf,ISOEventful,spearman_rho,0.20125939240547772,1324,279,2026,isd_individual_iso_prediction__isd__tong_style_reduced_rf__seed2026
0.1.0-dev,isd_individual_iso_prediction,0.1.0,0.1.0,ISD,test,group_kde,tong_style_reduced,tong_style_reduced_rf,ISOPleasant,dme,0.4002819102465509,1324,279,2026,isd_individual_iso_prediction__isd__tong_style_reduced_rf__seed2026
0.1.0-dev,isd_individual_iso_prediction,0.1.0,0.1.0,ISD,test,group_kde,tong_style_reduced,tong_style_reduced_rf,ISOPleasant,js_divergence,0.13498531652176965,1324,279,2026,isd_individual_iso_prediction__isd__tong_style_reduced_rf__seed2026
0.1.0-dev,isd_individual_iso_prediction,0.1.0,0.1.0,ISD,test,group_kde,tong_style_reduced,tong_style_reduced_rf,ISOPleasant,kl_divergence,1.6865156979852651,1324,279,2026,isd_individual_iso_prediction__isd__tong_style_reduced_rf__seed2026
0.1.0-dev,isd_individual_iso_prediction,0.1.0,0.1.0,ISD,test,individual,tong_style_reduced,tong_style_reduced_rf,ISOPleasant,mae,0.2971214607653448,1324,279,2026,isd_individual_iso_prediction__isd__tong_style_reduced_rf__seed2026
0.1.0-dev,isd_individual_iso_prediction,0.1.0,0.1.0,ISD,test,individual,tong_style_reduced,tong_style_reduced_rf,ISOPleasant,pearson_r,-0.02004699627149685,1324,279,2026,isd_individual_iso_prediction__isd__tong_style_reduced_rf__seed2026
0.1.0-dev,isd_individual_iso_prediction,0.1.0,0.1.0,ISD,test,individual,tong_style_reduced,tong_style_reduced_rf,ISOPleasant,r2,-0.3256736314772324,1324,279,2026,isd_individual_iso_prediction__isd__tong_style_reduced_rf__seed2026
0.1.0-dev,isd_individual_iso_prediction,0.1.0,0.1.0,ISD,test,individual,tong_style_reduced,tong_style_reduced_rf,ISOPleasant,rmse,0.3572292840200958,1324,279,2026,isd_individual_iso_prediction__isd__tong_style_reduced_rf__seed2026
0.1.0-dev,isd_individual_iso_prediction,0.1.0,0.1.0,ISD,test,individual,tong_style_reduced,tong_style_reduced_rf,ISOPleasant,spearman_rho,-0.040453384792859474,1324,279,2026,isd_individual_iso_prediction__isd__tong_style_reduced_rf__seed2026
0.1.0-dev,isd_individual_iso_prediction,0.1.0,0.1.0,ISD,dev,group_kde,tong_style_reduced,tong_style_reduced_rf,ISOEventful,dme,0.5060939077983299,1324,308,2027,isd_individual_iso_prediction__isd__tong_style_reduced_rf__seed2027
0.1.0-dev,isd_individual_iso_prediction,0.1.0,0.1.0,ISD,dev,group_kde,tong_style_reduced,tong_style_reduced_rf,ISOEventful,js_divergence,0.2085501391609929,1324,308,2027,isd_individual_iso_prediction__isd__tong_style_reduced_rf__seed2027
0.1.0-dev,isd_individual_iso_prediction,0.1.0,0.1.0,ISD,dev,group_kde,tong_style_reduced,tong_style_reduced_rf,ISOEventful,kl_divergence,6.9694562264664475,1324,308,2027,isd_individual_iso_prediction__isd__tong_style_reduced_rf__seed2027
0.1.0-dev,isd_individual_iso_prediction,0.1.0,0.1.0,ISD,dev,individual,tong_style_reduced,tong_style_reduced_rf,ISOEventful,mae,0.23301551514014904,1324,308,2027,isd_individual_iso_prediction__isd__tong_style_reduced_rf__seed2027
0.1.0-dev,isd_individual_iso_prediction,0.1.0,0.1.0,ISD,dev,individual,tong_style_reduced,tong_style_reduced_rf,ISOEventful,pearson_r,0.14156936673684611,1324,308,2027,isd_individual_iso_prediction__isd__tong_style_reduced_rf__seed2027
0.1.0-dev,isd_individual_iso_prediction,0.1.0,0.1.0,ISD,dev,individual,tong_style_reduced,tong_style_reduced_rf,ISOEventful,r2,-0.033314795885205806,1324,308,2027,isd_individual_iso_prediction__isd__tong_style_reduced_rf__seed2027
0.1.0-dev,isd_individual_iso_prediction,0.1.0,0.1.0,ISD,dev,individual,tong_style_reduced,tong_style_reduced_rf,ISOEventful,rmse,0.2947001002892873,1324,308,2027,isd_individual_iso_prediction__isd__tong_style_reduced_rf__seed2027
0.1.0-dev,isd_individual_iso_prediction,0.1.0,0.1.0,ISD,dev,individual,tong_style_reduced,tong_style_reduced_rf,ISOEventful,spearman_rho,0.16524904562660406,1324,308,2027,isd_individual_iso_prediction__isd__tong_style_reduced_rf__seed2027
0.1.0-dev,isd_individual_iso_prediction,0.1.0,0.1.0,ISD,dev,group_kde,tong_style_reduced,tong_style_reduced_rf,ISOPleasant,dme,0.47355233516329864,1324,308,2027,isd_individual_iso_prediction__isd__tong_style_reduced_rf__seed2027
0.1.0-dev,isd_individual_iso_prediction,0.1.0,0.1.0,ISD,dev,group_kde,tong_style_reduced,tong_style_reduced_rf,ISOPleasant,js_divergence,0.19526525015867724,1324,308,2027,isd_individual_iso_prediction__isd__tong_style_reduced_rf__seed2027
0.1.0-dev,isd_individual_iso_prediction,0.1.0,0.1.0,ISD,dev,group_kde,tong_style_reduced,tong_style_reduced_rf,ISOPleasant,kl_divergence,5.372026369848052,1324,308,2027,isd_individual_iso_prediction__isd__tong_style_reduced_rf__seed2027
0.1.0-dev,isd_individual_iso_prediction,0.1.0,0.1.0,ISD,dev,individual,tong_style_reduced,tong_style_reduced_rf,ISOPleasant,mae,0.334279056503216,1324,308,2027,isd_individual_iso_prediction__isd__tong_style_reduced_rf__seed2027
0.1.0-dev,isd_individual_iso_prediction,0.1.0,0.1.0,ISD,dev,individual,tong_style_reduced,tong_style_reduced_rf,ISOPleasant,pearson_r,0.3560135086073876,1324,308,2027,isd_individual_iso_prediction__isd__tong_style_reduced_rf__seed2027
0.1.0-dev,isd_individual_iso_prediction,0.1.0,0.1.0,ISD,dev,individual,tong_style_reduced,tong_style_reduced_rf,ISOPleasant,r2,-0.04613668746767652,1324,308,2027,isd_individual_iso_prediction__isd__tong_style_reduced_rf__seed2027
0.1.0-dev,isd_individual_iso_prediction,0.1.0,0.1.0,ISD,dev,individual,tong_style_reduced,tong_style_reduced_rf,ISOPleasant,rmse,0.42149472471500904,1324,308,2027,isd_individual_iso_prediction__isd__tong_style_reduced_rf__seed2027
0.1.0-dev,isd_individual_iso_prediction,0.1.0,0.1.0,ISD,dev,individual,tong_style_reduced,tong_style_reduced_rf,ISOPleasant,spearman_rho,0.3519323040724618,1324,308,2027,isd_individual_iso_prediction__isd__tong_style_reduced_rf__seed2027
0.1.0-dev,isd_individual_iso_prediction,0.1.0,0.1.0,ISD,test,group_kde,tong_style_reduced,tong_style_reduced_rf,ISOEventful,dme,0.43281971645200457,1324,279,2027,isd_individual_iso_prediction__isd__tong_style_reduced_rf__seed2027
0.1.0-dev,isd_individual_iso_prediction,0.1.0,0.1.0,ISD,test,group_kde,tong_style_reduced,tong_style_reduced_rf,ISOEventful,js_divergence,0.14420295057845894,1324,279,2027,isd_individual_iso_prediction__isd__tong_style_reduced_rf__seed2027
0.1.0-dev,isd_individual_iso_prediction,0.1.0,0.1.0,ISD,test,group_kde,tong_style_reduced,tong_style_reduced_rf,ISOEventful,kl_divergence,2.6320759480583478,1324,279,2027,isd_individual_iso_prediction__isd__tong_style_reduced_rf__seed2027
0.1.0-dev,isd_individual_iso_prediction,0.1.0,0.1.0,ISD,test,individual,tong_style_reduced,tong_style_reduced_rf,ISOEventful,mae,0.25346126098966926,1324,279,2027,isd_individual_iso_prediction__isd__tong_style_reduced_rf__seed2027
0.1.0-dev,isd_individual_iso_prediction,0.1.0,0.1.0,ISD,test,individual,tong_style_reduced,tong_style_reduced_rf,ISOEventful,pearson_r,0.26755080380309537,1324,279,2027,isd_individual_iso_prediction__isd__tong_style_reduced_rf__seed2027
0.1.0-dev,isd_individual_iso_prediction,0.1.0,0.1.0,ISD,test,individual,tong_style_reduced,tong_style_reduced_rf,ISOEventful,r2,-0.060221514888091354,1324,279,2027,isd_individual_iso_prediction__isd__tong_style_reduced_rf__seed2027
0.1.0-dev,isd_individual_iso_prediction,0.1.0,0.1.0,ISD,test,individual,tong_style_reduced,tong_style_reduced_rf,ISOEventful,rmse,0.3195553355992887,1324,279,2027,isd_individual_iso_prediction__isd__tong_style_reduced_rf__seed2027
0.1.0-dev,isd_individual_iso_prediction,0.1.0,0.1.0,ISD,test,individual,tong_style_reduced,tong_style_reduced_rf,ISOEventful,spearman_rho,0.20817443702078653,1324,279,2027,isd_individual_iso_prediction__isd__tong_style_reduced_rf__seed2027
0.1.0-dev,isd_individual_iso_prediction,0.1.0,0.1.0,ISD,test,group_kde,tong_style_reduced,tong_style_reduced_rf,ISOPleasant,dme,0.389188770668572,1324,279,2027,isd_individual_iso_prediction__isd__tong_style_reduced_rf__seed2027
0.1.0-dev,isd_individual_iso_prediction,0.1.0,0.1.0,ISD,test,group_kde,tong_style_reduced,tong_style_reduced_rf,ISOPleasant,js_divergence,0.13035438094479287,1324,279,2027,isd_individual_iso_prediction__isd__tong_style_reduced_rf__seed2027
0.1.0-dev,isd_individual_iso_prediction,0.1.0,0.1.0,ISD,test,group_kde,tong_style_reduced,tong_style_reduced_rf,ISOPleasant,kl_divergence,1.5700757146241875,1324,279,2027,isd_individual_iso_prediction__isd__tong_style_reduced_rf__seed2027
0.1.0-dev,isd_individual_iso_prediction,0.1.0,0.1.0,ISD,test,individual,tong_style_reduced,tong_style_reduced_rf,ISOPleasant,mae,0.29607143045882856,1324,279,2027,isd_individual_iso_prediction__isd__tong_style_reduced_rf__seed2027
0.1.0-dev,isd_individual_iso_prediction,0.1.0,0.1.0,ISD,test,individual,tong_style_reduced,tong_style_reduced_rf,ISOPleasant,pearson_r,0.001307024730681984,1324,279,2027,isd_individual_iso_prediction__isd__tong_style_reduced_rf__seed2027
0.1.0-dev,isd_individual_iso_prediction,0.1.0,0.1.0,ISD,test,individual,tong_style_reduced,tong_style_reduced_rf,ISOPleasant,r2,-0.31195549714481907,1324,279,2027,isd_individual_iso_prediction__isd__tong_style_reduced_rf__seed2027
0.1.0-dev,isd_individual_iso_prediction,0.1.0,0.1.0,ISD,test,individual,tong_style_reduced,tong_style_reduced_rf,ISOPleasant,rmse,0.3553761646273282,1324,279,2027,isd_individual_iso_prediction__isd__tong_style_reduced_rf__seed2027
0.1.0-dev,isd_individual_iso_prediction,0.1.0,0.1.0,ISD,test,individual,tong_style_reduced,tong_style_reduced_rf,ISOPleasant,spearman_rho,-0.022434262288263392,1324,279,2027,isd_individual_iso_prediction__isd__tong_style_reduced_rf__seed2027
0.1.0-dev,isd_individual_iso_prediction,0.1.0,0.1.0,ISD,dev,group_kde,tong_style_reduced,tong_style_reduced_rf,ISOEventful,dme,0.5078652468131266,1324,308,2028,isd_individual_iso_prediction__isd__tong_style_reduced_rf__seed2028
0.1.0-dev,isd_individual_iso_prediction,0.1.0,0.1.0,ISD,dev,group_kde,tong_style_reduced,tong_style_reduced_rf,ISOEventful,js_divergence,0.21067818318223716,1324,308,2028,isd_individual_iso_prediction__isd__tong_style_reduced_rf__seed2028
0.1.0-dev,isd_individual_iso_prediction,0.1.0,0.1.0,ISD,dev,group_kde,tong_style_reduced,tong_style_reduced_rf,ISOEventful,kl_divergence,7.3382000965090235,1324,308,2028,isd_individual_iso_prediction__isd__tong_style_reduced_rf__seed2028
0.1.0-dev,isd_individual_iso_prediction,0.1.0,0.1.0,ISD,dev,individual,tong_style_reduced,tong_style_reduced_rf,ISOEventful,mae,0.23168529951365602,1324,308,2028,isd_individual_iso_prediction__isd__tong_style_reduced_rf__seed2028
0.1.0-dev,isd_individual_iso_prediction,0.1.0,0.1.0,ISD,dev,individual,tong_style_reduced,tong_style_reduced_rf,ISOEventful,pearson_r,0.1325044975975365,1324,308,2028,isd_individual_iso_prediction__isd__tong_style_reduced_rf__seed2028
0.1.0-dev,isd_individual_iso_prediction,0.1.0,0.1.0,ISD,dev,individual,tong_style_reduced,tong_style_reduced_rf,ISOEventful,r2,-0.029252904942298708,1324,308,2028,isd_individual_iso_prediction__isd__tong_style_reduced_rf__seed2028
0.1.0-dev,isd_individual_iso_prediction,0.1.0,0.1.0,ISD,dev,individual,tong_style_reduced,tong_style_reduced_rf,ISOEventful,rmse,0.2941203068123025,1324,308,2028,isd_individual_iso_prediction__isd__tong_style_reduced_rf__seed2028
0.1.0-dev,isd_individual_iso_prediction,0.1.0,0.1.0,ISD,dev,individual,tong_style_reduced,tong_style_reduced_rf,ISOEventful,spearman_rho,0.15370489367879922,1324,308,2028,isd_individual_iso_prediction__isd__tong_style_reduced_rf__seed2028
0.1.0-dev,isd_individual_iso_prediction,0.1.0,0.1.0,ISD,dev,group_kde,tong_style_reduced,tong_style_reduced_rf,ISOPleasant,dme,0.46973523000636186,1324,308,2028,isd_individual_iso_prediction__isd__tong_style_reduced_rf__seed2028
0.1.0-dev,isd_individual_iso_prediction,0.1.0,0.1.0,ISD,dev,group_kde,tong_style_reduced,tong_style_reduced_rf,ISOPleasant,js_divergence,0.19411476038728326,1324,308,2028,isd_individual_iso_prediction__isd__tong_style_reduced_rf__seed2028
0.1.0-dev,isd_individual_iso_prediction,0.1.0,0.1.0,ISD,dev,group_kde,tong_style_reduced,tong_style_reduced_rf,ISOPleasant,kl_divergence,5.018230205530795,1324,308,2028,isd_individual_iso_prediction__isd__tong_style_reduced_rf__seed2028
0.1.0-dev,isd_individual_iso_prediction,0.1.0,0.1.0,ISD,dev,individual,tong_style_reduced,tong_style_reduced_rf,ISOPleasant,mae,0.32990490143402024,1324,308,2028,isd_individual_iso_prediction__isd__tong_style_reduced_rf__seed2028
0.1.0-dev,isd_individual_iso_prediction,0.1.0,0.1.0,ISD,dev,individual,tong_style_reduced,tong_style_reduced_rf,ISOPleasant,pearson_r,0.3723853910230447,1324,308,2028,isd_individual_iso_prediction__isd__tong_style_reduced_rf__seed2028
0.1.0-dev,isd_individual_iso_prediction,0.1.0,0.1.0,ISD,dev,individual,tong_style_reduced,tong_style_reduced_rf,ISOPleasant,r2,-0.010596286391773901,1324,308,2028,isd_individual_iso_prediction__isd__tong_style_reduced_rf__seed2028
0.1.0-dev,isd_individual_iso_prediction,0.1.0,0.1.0,ISD,dev,individual,tong_style_reduced,tong_style_reduced_rf,ISOPleasant,rmse,0.4142731400002781,1324,308,2028,isd_individual_iso_prediction__isd__tong_style_reduced_rf__seed2028
0.1.0-dev,isd_individual_iso_prediction,0.1.0,0.1.0,ISD,dev,individual,tong_style_reduced,tong_style_reduced_rf,ISOPleasant,spearman_rho,0.3768807525984101,1324,308,2028,isd_individual_iso_prediction__isd__tong_style_reduced_rf__seed2028
0.1.0-dev,isd_individual_iso_prediction,0.1.0,0.1.0,ISD,test,group_kde,tong_style_reduced,tong_style_reduced_rf,ISOEventful,dme,0.4285091860558524,1324,279,2028,isd_individual_iso_prediction__isd__tong_style_reduced_rf__seed2028
0.1.0-dev,isd_individual_iso_prediction,0.1.0,0.1.0,ISD,test,group_kde,tong_style_reduced,tong_style_reduced_rf,ISOEventful,js_divergence,0.14182459571326436,1324,279,2028,isd_individual_iso_prediction__isd__tong_style_reduced_rf__seed2028
0.1.0-dev,isd_individual_iso_prediction,0.1.0,0.1.0,ISD,test,group_kde,tong_style_reduced,tong_style_reduced_rf,ISOEventful,kl_divergence,2.4758550506299812,1324,279,2028,isd_individual_iso_prediction__isd__tong_style_reduced_rf__seed2028
0.1.0-dev,isd_individual_iso_prediction,0.1.0,0.1.0,ISD,test,individual,tong_style_reduced,tong_style_reduced_rf,ISOEventful,mae,0.25349675828605245,1324,279,2028,isd_individual_iso_prediction__isd__tong_style_reduced_rf__seed2028
0.1.0-dev,isd_individual_iso_prediction,0.1.0,0.1.0,ISD,test,individual,tong_style_reduced,tong_style_reduced_rf,ISOEventful,pearson_r,0.27062360215220016,1324,279,2028,isd_individual_iso_prediction__isd__tong_style_reduced_rf__seed2028
0.1.0-dev,isd_individual_iso_prediction,0.1.0,0.1.0,ISD,test,individual,tong_style_reduced,tong_style_reduced_rf,ISOEventful,r2,-0.06229549464174777,1324,279,2028,isd_individual_iso_prediction__isd__tong_style_reduced_rf__seed2028
0.1.0-dev,isd_individual_iso_prediction,0.1.0,0.1.0,ISD,test,individual,tong_style_reduced,tong_style_reduced_rf,ISOEventful,rmse,0.3198677361160696,1324,279,2028,isd_individual_iso_prediction__isd__tong_style_reduced_rf__seed2028
0.1.0-dev,isd_individual_iso_prediction,0.1.0,0.1.0,ISD,test,individual,tong_style_reduced,tong_style_reduced_rf,ISOEventful,spearman_rho,0.21338152062246482,1324,279,2028,isd_individual_iso_prediction__isd__tong_style_reduced_rf__seed2028
0.1.0-dev,isd_individual_iso_prediction,0.1.0,0.1.0,ISD,test,group_kde,tong_style_reduced,tong_style_reduced_rf,ISOPleasant,dme,0.39302560026176003,1324,279,2028,isd_individual_iso_prediction__isd__tong_style_reduced_rf__seed2028
0.1.0-dev,isd_individual_iso_prediction,0.1.0,0.1.0,ISD,test,group_kde,tong_style_reduced,tong_style_reduced_rf,ISOPleasant,js_divergence,0.1297650317925394,1324,279,2028,isd_individual_iso_prediction__isd__tong_style_reduced_rf__seed2028
0.1.0-dev,isd_individual_iso_prediction,0.1.0,0.1.0,ISD,test,group_kde,tong_style_reduced,tong_style_reduced_rf,ISOPleasant,kl_divergence,1.374096769946546,1324,279,2028,isd_individual_iso_prediction__isd__tong_style_reduced_rf__seed2028
0.1.0-dev,isd_individual_iso_prediction,0.1.0,0.1.0,ISD,test,individual,tong_style_reduced,tong_style_reduced_rf,ISOPleasant,mae,0.29766429691319396,1324,279,2028,isd_individual_iso_prediction__isd__tong_style_reduced_rf__seed2028
0.1.0-dev,isd_individual_iso_prediction,0.1.0,0.1.0,ISD,test,individual,tong_style_reduced,tong_style_reduced_rf,ISOPleasant,pearson_r,-0.01470746530373545,1324,279,2028,isd_individual_iso_prediction__isd__tong_style_reduced_rf__seed2028
0.1.0-dev,isd_individual_iso_prediction,0.1.0,0.1.0,ISD,test,individual,tong_style_reduced,tong_style_reduced_rf,ISOPleasant,r2,-0.33622816411315926,1324,279,2028,isd_individual_iso_prediction__isd__tong_style_reduced_rf__seed2028
0.1.0-dev,isd_individual_iso_prediction,0.1.0,0.1.0,ISD,test,individual,tong_style_reduced,tong_style_reduced_rf,ISOPleasant,rmse,0.35864852973726313,1324,279,2028,isd_individual_iso_prediction__isd__tong_style_reduced_rf__seed2028
0.1.0-dev,isd_individual_iso_prediction,0.1.0,0.1.0,ISD,test,individual,tong_style_reduced,tong_style_reduced_rf,ISOPleasant,spearman_rho,-0.03645666109275751,1324,279,2028,isd_individual_iso_prediction__isd__tong_style_reduced_rf__seed2028
0.1.0-dev,isd_individual_iso_prediction,0.1.0,0.1.0,ISD,dev,group_kde,tong_style_reduced,tong_style_reduced_rf,ISOEventful,dme,0.5034084864727334,1324,308,2029,isd_individual_iso_prediction__isd__tong_style_reduced_rf__seed2029
0.1.0-dev,isd_individual_iso_prediction,0.1.0,0.1.0,ISD,dev,group_kde,tong_style_reduced,tong_style_reduced_rf,ISOEventful,js_divergence,0.20958989358600025,1324,308,2029,isd_individual_iso_prediction__isd__tong_style_reduced_rf__seed2029
0.1.0-dev,isd_individual_iso_prediction,0.1.0,0.1.0,ISD,dev,group_kde,tong_style_reduced,tong_style_reduced_rf,ISOEventful,kl_divergence,7.430962081084785,1324,308,2029,isd_individual_iso_prediction__isd__tong_style_reduced_rf__seed2029
0.1.0-dev,isd_individual_iso_prediction,0.1.0,0.1.0,ISD,dev,individual,tong_style_reduced,tong_style_reduced_rf,ISOEventful,mae,0.23390945195608565,1324,308,2029,isd_individual_iso_prediction__isd__tong_style_reduced_rf__seed2029
0.1.0-dev,isd_individual_iso_prediction,0.1.0,0.1.0,ISD,dev,individual,tong_style_reduced,tong_style_reduced_rf,ISOEventful,pearson_r,0.14033936726251856,1324,308,2029,isd_individual_iso_prediction__isd__tong_style_reduced_rf__seed2029
0.1.0-dev,isd_individual_iso_prediction,0.1.0,0.1.0,ISD,dev,individual,tong_style_reduced,tong_style_reduced_rf,ISOEventful,r2,-0.040136170835253226,1324,308,2029,isd_individual_iso_prediction__isd__tong_style_reduced_rf__seed2029
0.1.0-dev,isd_individual_iso_prediction,0.1.0,0.1.0,ISD,dev,individual,tong_style_reduced,tong_style_reduced_rf,ISOEventful,rmse,0.29567122406422325,1324,308,2029,isd_individual_iso_prediction__isd__tong_style_reduced_rf__seed2029
0.1.0-dev,isd_individual_iso_prediction,0.1.0,0.1.0,ISD,dev,individual,tong_style_reduced,tong_style_reduced_rf,ISOEventful,spearman_rho,0.16355454819477722,1324,308,2029,isd_individual_iso_prediction__isd__tong_style_reduced_rf__seed2029
0.1.0-dev,isd_individual_iso_prediction,0.1.0,0.1.0,ISD,dev,group_kde,tong_style_reduced,tong_style_reduced_rf,ISOPleasant,dme,0.4711256341325628,1324,308,2029,isd_individual_iso_prediction__isd__tong_style_reduced_rf__seed2029
0.1.0-dev,isd_individual_iso_prediction,0.1.0,0.1.0,ISD,dev,group_kde,tong_style_reduced,tong_style_reduced_rf,ISOPleasant,js_divergence,0.194116959011382,1324,308,2029,isd_individual_iso_prediction__isd__tong_style_reduced_rf__seed2029
0.1.0-dev,isd_individual_iso_prediction,0.1.0,0.1.0,ISD,dev,group_kde,tong_style_reduced,tong_style_reduced_rf,ISOPleasant,kl_divergence,5.364721850549669,1324,308,2029,isd_individual_iso_prediction__isd__tong_style_reduced_rf__seed2029
0.1.0-dev,isd_individual_iso_prediction,0.1.0,0.1.0,ISD,dev,individual,tong_style_reduced,tong_style_reduced_rf,ISOPleasant,mae,0.33041213364449706,1324,308,2029,isd_individual_iso_prediction__isd__tong_style_reduced_rf__seed2029
0.1.0-dev,isd_individual_iso_prediction,0.1.0,0.1.0,ISD,dev,individual,tong_style_reduced,tong_style_reduced_rf,ISOPleasant,pearson_r,0.36588203564831356,1324,308,2029,isd_individual_iso_prediction__isd__tong_style_reduced_rf__seed2029
0.1.0-dev,isd_individual_iso_prediction,0.1.0,0.1.0,ISD,dev,individual,tong_style_reduced,tong_style_reduced_rf,ISOPleasant,r2,-0.015003256211058691,1324,308,2029,isd_individual_iso_prediction__isd__tong_style_reduced_rf__seed2029
0.1.0-dev,isd_individual_iso_prediction,0.1.0,0.1.0,ISD,dev,individual,tong_style_reduced,tong_style_reduced_rf,ISOPleasant,rmse,0.4151754306718281,1324,308,2029,isd_individual_iso_prediction__isd__tong_style_reduced_rf__seed2029
0.1.0-dev,isd_individual_iso_prediction,0.1.0,0.1.0,ISD,dev,individual,tong_style_reduced,tong_style_reduced_rf,ISOPleasant,spearman_rho,0.35849587973096686,1324,308,2029,isd_individual_iso_prediction__isd__tong_style_reduced_rf__seed2029
0.1.0-dev,isd_individual_iso_prediction,0.1.0,0.1.0,ISD,test,group_kde,tong_style_reduced,tong_style_reduced_rf,ISOEventful,dme,0.42874867294814906,1324,279,2029,isd_individual_iso_prediction__isd__tong_style_reduced_rf__seed2029
0.1.0-dev,isd_individual_iso_prediction,0.1.0,0.1.0,ISD,test,group_kde,tong_style_reduced,tong_style_reduced_rf,ISOEventful,js_divergence,0.1398575974486125,1324,279,2029,isd_individual_iso_prediction__isd__tong_style_reduced_rf__seed2029
0.1.0-dev,isd_individual_iso_prediction,0.1.0,0.1.0,ISD,test,group_kde,tong_style_reduced,tong_style_reduced_rf,ISOEventful,kl_divergence,2.239727365473774,1324,279,2029,isd_individual_iso_prediction__isd__tong_style_reduced_rf__seed2029
0.1.0-dev,isd_individual_iso_prediction,0.1.0,0.1.0,ISD,test,individual,tong_style_reduced,tong_style_reduced_rf,ISOEventful,mae,0.2546177821588665,1324,279,2029,isd_individual_iso_prediction__isd__tong_style_reduced_rf__seed2029
0.1.0-dev,isd_individual_iso_prediction,0.1.0,0.1.0,ISD,test,individual,tong_style_reduced,tong_style_reduced_rf,ISOEventful,pearson_r,0.26574393606819563,1324,279,2029,isd_individual_iso_prediction__isd__tong_style_reduced_rf__seed2029
0.1.0-dev,isd_individual_iso_prediction,0.1.0,0.1.0,ISD,test,individual,tong_style_reduced,tong_style_reduced_rf,ISOEventful,r2,-0.07295963055075982,1324,279,2029,isd_individual_iso_prediction__isd__tong_style_reduced_rf__seed2029
0.1.0-dev,isd_individual_iso_prediction,0.1.0,0.1.0,ISD,test,individual,tong_style_reduced,tong_style_reduced_rf,ISOEventful,rmse,0.3214692654876468,1324,279,2029,isd_individual_iso_prediction__isd__tong_style_reduced_rf__seed2029
0.1.0-dev,isd_individual_iso_prediction,0.1.0,0.1.0,ISD,test,individual,tong_style_reduced,tong_style_reduced_rf,ISOEventful,spearman_rho,0.19405936513843686,1324,279,2029,isd_individual_iso_prediction__isd__tong_style_reduced_rf__seed2029
0.1.0-dev,isd_individual_iso_prediction,0.1.0,0.1.0,ISD,test,group_kde,tong_style_reduced,tong_style_reduced_rf,ISOPleasant,dme,0.3899488762189761,1324,279,2029,isd_individual_iso_prediction__isd__tong_style_reduced_rf__seed2029
0.1.0-dev,isd_individual_iso_prediction,0.1.0,0.1.0,ISD,test,group_kde,tong_style_reduced,tong_style_reduced_rf,ISOPleasant,js_divergence,0.1313073817798749,1324,279,2029,isd_individual_iso_prediction__isd__tong_style_reduced_rf__seed2029
0.1.0-dev,isd_individual_iso_prediction,0.1.0,0.1.0,ISD,test,group_kde,tong_style_reduced,tong_style_reduced_rf,ISOPleasant,kl_divergence,1.528923868753326,1324,279,2029,isd_individual_iso_prediction__isd__tong_style_reduced_rf__seed2029
0.1.0-dev,isd_individual_iso_prediction,0.1.0,0.1.0,ISD,test,individual,tong_style_reduced,tong_style_reduced_rf,ISOPleasant,mae,0.29613740031099645,1324,279,2029,isd_individual_iso_prediction__isd__tong_style_reduced_rf__seed2029
0.1.0-dev,isd_individual_iso_prediction,0.1.0,0.1.0,ISD,test,individual,tong_style_reduced,tong_style_reduced_rf,ISOPleasant,pearson_r,0.0025701900560805395,1324,279,2029,isd_individual_iso_prediction__isd__tong_style_reduced_rf__seed2029
0.1.0-dev,isd_individual_iso_prediction,0.1.0,0.1.0,ISD,test,individual,tong_style_reduced,tong_style_reduced_rf,ISOPleasant,r2,-0.32096152999520067,1324,279,2029,isd_individual_iso_prediction__isd__tong_style_reduced_rf__seed2029
0.1.0-dev,isd_individual_iso_prediction,0.1.0,0.1.0,ISD,test,individual,tong_style_reduced,tong_style_reduced_rf,ISOPleasant,rmse,0.356593833829219,1324,279,2029,isd_individual_iso_prediction__isd__tong_style_reduced_rf__seed2029
0.1.0-dev,isd_individual_iso_prediction,0.1.0,0.1.0,ISD,test,individual,tong_style_reduced,tong_style_reduced_rf,ISOPleasant,spearman_rho,-0.0047134357560274145,1324,279,2029,isd_individual_iso_prediction__isd__tong_style_reduced_rf__seed2029
0.1.0-dev,isd_individual_iso_prediction,0.1.0,0.1.0,ISD,dev,group_kde,tong_style_reduced,tong_style_reduced_rf,ISOEventful,dme,0.5051167583561229,1324,308,2030,isd_individual_iso_prediction__isd__tong_style_reduced_rf__seed2030
0.1.0-dev,isd_individual_iso_prediction,0.1.0,0.1.0,ISD,dev,group_kde,tong_style_reduced,tong_style_reduced_rf,ISOEventful,js_divergence,0.2067169560282896,1324,308,2030,isd_individual_iso_prediction__isd__tong_style_reduced_rf__seed2030
0.1.0-dev,isd_individual_iso_prediction,0.1.0,0.1.0,ISD,dev,group_kde,tong_style_reduced,tong_style_reduced_rf,ISOEventful,kl_divergence,7.064556130260742,1324,308,2030,isd_individual_iso_prediction__isd__tong_style_reduced_rf__seed2030
0.1.0-dev,isd_individual_iso_prediction,0.1.0,0.1.0,ISD,dev,individual,tong_style_reduced,tong_style_reduced_rf,ISOEventful,mae,0.23277110643869564,1324,308,2030,isd_individual_iso_prediction__isd__tong_style_reduced_rf__seed2030
0.1.0-dev,isd_individual_iso_prediction,0.1.0,0.1.0,ISD,dev,individual,tong_style_reduced,tong_style_reduced_rf,ISOEventful,pearson_r,0.14197940006868331,1324,308,2030,isd_individual_iso_prediction__isd__tong_style_reduced_rf__seed2030
0.1.0-dev,isd_individual_iso_prediction,0.1.0,0.1.0,ISD,dev,individual,tong_style_reduced,tong_style_reduced_rf,ISOEventful,r2,-0.026841600470741245,1324,308,2030,isd_individual_iso_prediction__isd__tong_style_reduced_rf__seed2030
0.1.0-dev,isd_individual_iso_prediction,0.1.0,0.1.0,ISD,dev,individual,tong_style_reduced,tong_style_reduced_rf,ISOEventful,rmse,0.2937755764373644,1324,308,2030,isd_individual_iso_prediction__isd__tong_style_reduced_rf__seed2030
0.1.0-dev,isd_individual_iso_prediction,0.1.0,0.1.0,ISD,dev,individual,tong_style_reduced,tong_style_reduced_rf,ISOEventful,spearman_rho,0.1530709368859255,1324,308,2030,isd_individual_iso_prediction__isd__tong_style_reduced_rf__seed2030
0.1.0-dev,isd_individual_iso_prediction,0.1.0,0.1.0,ISD,dev,group_kde,tong_style_reduced,tong_style_reduced_rf,ISOPleasant,dme,0.481052970393986,1324,308,2030,isd_individual_iso_prediction__isd__tong_style_reduced_rf__seed2030
0.1.0-dev,isd_individual_iso_prediction,0.1.0,0.1.0,ISD,dev,group_kde,tong_style_reduced,tong_style_reduced_rf,ISOPleasant,js_divergence,0.2004102087912426,1324,308,2030,isd_individual_iso_prediction__isd__tong_style_reduced_rf__seed2030
0.1.0-dev,isd_individual_iso_prediction,0.1.0,0.1.0,ISD,dev,group_kde,tong_style_reduced,tong_style_reduced_rf,ISOPleasant,kl_divergence,5.56749012356841,1324,308,2030,isd_individual_iso_prediction__isd__tong_style_reduced_rf__seed2030
0.1.0-dev,isd_individual_iso_prediction,0.1.0,0.1.0,ISD,dev,individual,tong_style_reduced,tong_style_reduced_rf,ISOPleasant,mae,0.3277729467477959,1324,308,2030,isd_individual_iso_prediction__isd__tong_style_reduced_rf__seed2030
0.1.0-dev,isd_individual_iso_prediction,0.1.0,0.1.0,ISD,dev,individual,tong_style_reduced,tong_style_reduced_rf,ISOPleasant,pearson_r,0.3765704667177697,1324,308,2030,isd_individual_iso_prediction__isd__tong_style_reduced_rf__seed2030
0.1.0-dev,isd_individual_iso_prediction,0.1.0,0.1.0,ISD,dev,individual,tong_style_reduced,tong_style_reduced_rf,ISOPleasant,r2,-0.0018281539953650672,1324,308,2030,isd_individual_iso_prediction__isd__tong_style_reduced_rf__seed2030
0.1.0-dev,isd_individual_iso_prediction,0.1.0,0.1.0,ISD,dev,individual,tong_style_reduced,tong_style_reduced_rf,ISOPleasant,rmse,0.41247206720159524,1324,308,2030,isd_individual_iso_prediction__isd__tong_style_reduced_rf__seed2030
0.1.0-dev,isd_individual_iso_prediction,0.1.0,0.1.0,ISD,dev,individual,tong_style_reduced,tong_style_reduced_rf,ISOPleasant,spearman_rho,0.3840630529027408,1324,308,2030,isd_individual_iso_prediction__isd__tong_style_reduced_rf__seed2030
0.1.0-dev,isd_individual_iso_prediction,0.1.0,0.1.0,ISD,test,group_kde,tong_style_reduced,tong_style_reduced_rf,ISOEventful,dme,0.43497239348273653,1324,279,2030,isd_individual_iso_prediction__isd__tong_style_reduced_rf__seed2030
0.1.0-dev,isd_individual_iso_prediction,0.1.0,0.1.0,ISD,test,group_kde,tong_style_reduced,tong_style_reduced_rf,ISOEventful,js_divergence,0.14130197138440612,1324,279,2030,isd_individual_iso_prediction__isd__tong_style_reduced_rf__seed2030
0.1.0-dev,isd_individual_iso_prediction,0.1.0,0.1.0,ISD,test,group_kde,tong_style_reduced,tong_style_reduced_rf,ISOEventful,kl_divergence,2.344045316436487,1324,279,2030,isd_individual_iso_prediction__isd__tong_style_reduced_rf__seed2030
0.1.0-dev,isd_individual_iso_prediction,0.1.0,0.1.0,ISD,test,individual,tong_style_reduced,tong_style_reduced_rf,ISOEventful,mae,0.25382636054940433,1324,279,2030,isd_individual_iso_prediction__isd__tong_style_reduced_rf__seed2030
0.1.0-dev,isd_individual_iso_prediction,0.1.0,0.1.0,ISD,test,individual,tong_style_reduced,tong_style_reduced_rf,ISOEventful,pearson_r,0.26480197534377803,1324,279,2030,isd_individual_iso_prediction__isd__tong_style_reduced_rf__seed2030
0.1.0-dev,isd_individual_iso_prediction,0.1.0,0.1.0,ISD,test,individual,tong_style_reduced,tong_style_reduced_rf,ISOEventful,r2,-0.06965225850412748,1324,279,2030,isd_individual_iso_prediction__isd__tong_style_reduced_rf__seed2030
0.1.0-dev,isd_individual_iso_prediction,0.1.0,0.1.0,ISD,test,individual,tong_style_reduced,tong_style_reduced_rf,ISOEventful,rmse,0.32097342247839383,1324,279,2030,isd_individual_iso_prediction__isd__tong_style_reduced_rf__seed2030
0.1.0-dev,isd_individual_iso_prediction,0.1.0,0.1.0,ISD,test,individual,tong_style_reduced,tong_style_reduced_rf,ISOEventful,spearman_rho,0.20156482968012762,1324,279,2030,isd_individual_iso_prediction__isd__tong_style_reduced_rf__seed2030
0.1.0-dev,isd_individual_iso_prediction,0.1.0,0.1.0,ISD,test,group_kde,tong_style_reduced,tong_style_reduced_rf,ISOPleasant,dme,0.39387622571036734,1324,279,2030,isd_individual_iso_prediction__isd__tong_style_reduced_rf__seed2030
0.1.0-dev,isd_individual_iso_prediction,0.1.0,0.1.0,ISD,test,group_kde,tong_style_reduced,tong_style_reduced_rf,ISOPleasant,js_divergence,0.13405906873532836,1324,279,2030,isd_individual_iso_prediction__isd__tong_style_reduced_rf__seed2030
0.1.0-dev,isd_individual_iso_prediction,0.1.0,0.1.0,ISD,test,group_kde,tong_style_reduced,tong_style_reduced_rf,ISOPleasant,kl_divergence,1.6905586294257424,1324,279,2030,isd_individual_iso_prediction__isd__tong_style_reduced_rf__seed2030
0.1.0-dev,isd_individual_iso_prediction,0.1.0,0.1.0,ISD,test,individual,tong_style_reduced,tong_style_reduced_rf,ISOPleasant,mae,0.29561225016906006,1324,279,2030,isd_individual_iso_prediction__isd__tong_style_reduced_rf__seed2030
0.1.0-dev,isd_individual_iso_prediction,0.1.0,0.1.0,ISD,test,individual,tong_style_reduced,tong_style_reduced_rf,ISOPleasant,pearson_r,0.002481137391712688,1324,279,2030,isd_individual_iso_prediction__isd__tong_style_reduced_rf__seed2030
0.1.0-dev,isd_individual_iso_prediction,0.1.0,0.1.0,ISD,test,individual,tong_style_reduced,tong_style_reduced_rf,ISOPleasant,r2,-0.31443584207469755,1324,279,2030,isd_individual_iso_prediction__isd__tong_style_reduced_rf__seed2030
0.1.0-dev,isd_individual_iso_prediction,0.1.0,0.1.0,ISD,test,individual,tong_style_reduced,tong_style_reduced_rf,ISOPleasant,rmse,0.3557119379252344,1324,279,2030,isd_individual_iso_prediction__isd__tong_style_reduced_rf__seed2030
0.1.0-dev,isd_individual_iso_prediction,0.1.0,0.1.0,ISD,test,individual,tong_style_reduced,tong_style_reduced_rf,ISOPleasant,spearman_rho,-0.00525805398174512,1324,279,2030,isd_individual_iso_prediction__isd__tong_style_reduced_rf__seed2030
0.1.0-dev,isd_individual_iso_prediction,0.1.0,0.1.0,ISD,dev,group_kde,tong_style_reduced,tong_style_reduced_xgboost,ISOEventful,dme,0.49575894024990586,1324,308,2026,isd_individual_iso_prediction__isd__tong_style_reduced_xgboost__seed2026
0.1.0-dev,isd_individual_iso_prediction,0.1.0,0.1.0,ISD,dev,group_kde,tong_style_reduced,tong_style_reduced_xgboost,ISOEventful,js_divergence,0.19418774996303972,1324,308,2026,isd_individual_iso_prediction__isd__tong_style_reduced_xgboost__seed2026
0.1.0-dev,isd_individual_iso_prediction,0.1.0,0.1.0,ISD,dev,group_kde,tong_style_reduced,tong_style_reduced_xgboost,ISOEventful,kl_divergence,5.777556891726999,1324,308,2026,isd_individual_iso_prediction__isd__tong_style_reduced_xgboost__seed2026
0.1.0-dev,isd_individual_iso_prediction,0.1.0,0.1.0,ISD,dev,individual,tong_style_reduced,tong_style_reduced_xgboost,ISOEventful,mae,0.23294092963979118,1324,308,2026,isd_individual_iso_prediction__isd__tong_style_reduced_xgboost__seed2026
0.1.0-dev,isd_individual_iso_prediction,0.1.0,0.1.0,ISD,dev,individual,tong_style_reduced,tong_style_reduced_xgboost,ISOEventful,pearson_r,0.14540371617090345,1324,308,2026,isd_individual_iso_prediction__isd__tong_style_reduced_xgboost__seed2026
0.1.0-dev,isd_individual_iso_prediction,0.1.0,0.1.0,ISD,dev,individual,tong_style_reduced,tong_style_reduced_xgboost,ISOEventful,r2,-0.04757427516416679,1324,308,2026,isd_individual_iso_prediction__isd__tong_style_reduced_xgboost__seed2026
0.1.0-dev,isd_individual_iso_prediction,0.1.0,0.1.0,ISD,dev,individual,tong_style_reduced,tong_style_reduced_xgboost,ISOEventful,rmse,0.29672652612050177,1324,308,2026,isd_individual_iso_prediction__isd__tong_style_reduced_xgboost__seed2026
0.1.0-dev,isd_individual_iso_prediction,0.1.0,0.1.0,ISD,dev,individual,tong_style_reduced,tong_style_reduced_xgboost,ISOEventful,spearman_rho,0.18140934479217402,1324,308,2026,isd_individual_iso_prediction__isd__tong_style_reduced_xgboost__seed2026
0.1.0-dev,isd_individual_iso_prediction,0.1.0,0.1.0,ISD,dev,group_kde,tong_style_reduced,tong_style_reduced_xgboost,ISOPleasant,dme,0.49626277700024,1324,308,2026,isd_individual_iso_prediction__isd__tong_style_reduced_xgboost__seed2026
0.1.0-dev,isd_individual_iso_prediction,0.1.0,0.1.0,ISD,dev,group_kde,tong_style_reduced,tong_style_reduced_xgboost,ISOPleasant,js_divergence,0.20508926572307082,1324,308,2026,isd_individual_iso_prediction__isd__tong_style_reduced_xgboost__seed2026
0.1.0-dev,isd_individual_iso_prediction,0.1.0,0.1.0,ISD,dev,group_kde,tong_style_reduced,tong_style_reduced_xgboost,ISOPleasant,kl_divergence,5.860483954372112,1324,308,2026,isd_individual_iso_prediction__isd__tong_style_reduced_xgboost__seed2026
0.1.0-dev,isd_individual_iso_prediction,0.1.0,0.1.0,ISD,dev,individual,tong_style_reduced,tong_style_reduced_xgboost,ISOPleasant,mae,0.3338189336602492,1324,308,2026,isd_individual_iso_prediction__isd__tong_style_reduced_xgboost__seed2026
0.1.0-dev,isd_individual_iso_prediction,0.1.0,0.1.0,ISD,dev,individual,tong_style_reduced,tong_style_reduced_xgboost,ISOPleasant,pearson_r,0.36186307052547356,1324,308,2026,isd_individual_iso_prediction__isd__tong_style_reduced_xgboost__seed2026
0.1.0-dev,isd_individual_iso_prediction,0.1.0,0.1.0,ISD,dev,individual,tong_style_reduced,tong_style_reduced_xgboost,ISOPleasant,r2,-0.025009530260613477,1324,308,2026,isd_individual_iso_prediction__isd__tong_style_reduced_xgboost__seed2026
0.1.0-dev,isd_individual_iso_prediction,0.1.0,0.1.0,ISD,dev,individual,tong_style_reduced,tong_style_reduced_xgboost,ISOPleasant,rmse,0.41721688742281793,1324,308,2026,isd_individual_iso_prediction__isd__tong_style_reduced_xgboost__seed2026
0.1.0-dev,isd_individual_iso_prediction,0.1.0,0.1.0,ISD,dev,individual,tong_style_reduced,tong_style_reduced_xgboost,ISOPleasant,spearman_rho,0.3435710151594631,1324,308,2026,isd_individual_iso_prediction__isd__tong_style_reduced_xgboost__seed2026
0.1.0-dev,isd_individual_iso_prediction,0.1.0,0.1.0,ISD,test,group_kde,tong_style_reduced,tong_style_reduced_xgboost,ISOEventful,dme,0.38378381922861077,1324,279,2026,isd_individual_iso_prediction__isd__tong_style_reduced_xgboost__seed2026
0.1.0-dev,isd_individual_iso_prediction,0.1.0,0.1.0,ISD,test,group_kde,tong_style_reduced,tong_style_reduced_xgboost,ISOEventful,js_divergence,0.12071396596877187,1324,279,2026,isd_individual_iso_prediction__isd__tong_style_reduced_xgboost__seed2026
0.1.0-dev,isd_individual_iso_prediction,0.1.0,0.1.0,ISD,test,group_kde,tong_style_reduced,tong_style_reduced_xgboost,ISOEventful,kl_divergence,1.749259093306741,1324,279,2026,isd_individual_iso_prediction__isd__tong_style_reduced_xgboost__seed2026
0.1.0-dev,isd_individual_iso_prediction,0.1.0,0.1.0,ISD,test,individual,tong_style_reduced,tong_style_reduced_xgboost,ISOEventful,mae,0.2517179377835818,1324,279,2026,isd_individual_iso_prediction__isd__tong_style_reduced_xgboost__seed2026
0.1.0-dev,isd_individual_iso_prediction,0.1.0,0.1.0,ISD,test,individual,tong_style_reduced,tong_style_reduced_xgboost,ISOEventful,pearson_r,0.27896673804202593,1324,279,2026,isd_individual_iso_prediction__isd__tong_style_reduced_xgboost__seed2026
0.1.0-dev,isd_individual_iso_prediction,0.1.0,0.1.0,ISD,test,individual,tong_style_reduced,tong_style_reduced_xgboost,ISOEventful,r2,-0.058740036594735034,1324,279,2026,isd_individual_iso_prediction__isd__tong_style_reduced_xgboost__seed2026
0.1.0-dev,isd_individual_iso_prediction,0.1.0,0.1.0,ISD,test,individual,tong_style_reduced,tong_style_reduced_xgboost,ISOEventful,rmse,0.3193319955797293,1324,279,2026,isd_individual_iso_prediction__isd__tong_style_reduced_xgboost__seed2026
0.1.0-dev,isd_individual_iso_prediction,0.1.0,0.1.0,ISD,test,individual,tong_style_reduced,tong_style_reduced_xgboost,ISOEventful,spearman_rho,0.2173008222397536,1324,279,2026,isd_individual_iso_prediction__isd__tong_style_reduced_xgboost__seed2026
0.1.0-dev,isd_individual_iso_prediction,0.1.0,0.1.0,ISD,test,group_kde,tong_style_reduced,tong_style_reduced_xgboost,ISOPleasant,dme,0.44665652270308687,1324,279,2026,isd_individual_iso_prediction__isd__tong_style_reduced_xgboost__seed2026
0.1.0-dev,isd_individual_iso_prediction,0.1.0,0.1.0,ISD,test,group_kde,tong_style_reduced,tong_style_reduced_xgboost,ISOPleasant,js_divergence,0.15065685442179416,1324,279,2026,isd_individual_iso_prediction__isd__tong_style_reduced_xgboost__seed2026
0.1.0-dev,isd_individual_iso_prediction,0.1.0,0.1.0,ISD,test,group_kde,tong_style_reduced,tong_style_reduced_xgboost,ISOPleasant,kl_divergence,1.6339482329537816,1324,279,2026,isd_individual_iso_prediction__isd__tong_style_reduced_xgboost__seed2026
0.1.0-dev,isd_individual_iso_prediction,0.1.0,0.1.0,ISD,test,individual,tong_style_reduced,tong_style_reduced_xgboost,ISOPleasant,mae,0.28670621015446224,1324,279,2026,isd_individual_iso_prediction__isd__tong_style_reduced_xgboost__seed2026
0.1.0-dev,isd_individual_iso_prediction,0.1.0,0.1.0,ISD,test,individual,tong_style_reduced,tong_style_reduced_xgboost,ISOPleasant,pearson_r,0.009498123683261856,1324,279,2026,isd_individual_iso_prediction__isd__tong_style_reduced_xgboost__seed2026
0.1.0-dev,isd_individual_iso_prediction,0.1.0,0.1.0,ISD,test,individual,tong_style_reduced,tong_style_reduced_xgboost,ISOPleasant,r2,-0.22111618525602017,1324,279,2026,isd_individual_iso_prediction__isd__tong_style_reduced_xgboost__seed2026
0.1.0-dev,isd_individual_iso_prediction,0.1.0,0.1.0,ISD,test,individual,tong_style_reduced,tong_style_reduced_xgboost,ISOPleasant,rmse,0.3428524347856653,1324,279,2026,isd_individual_iso_prediction__isd__tong_style_reduced_xgboost__seed2026
0.1.0-dev,isd_individual_iso_prediction,0.1.0,0.1.0,ISD,test,individual,tong_style_reduced,tong_style_reduced_xgboost,ISOPleasant,spearman_rho,-0.027133471807418822,1324,279,2026,isd_individual_iso_prediction__isd__tong_style_reduced_xgboost__seed2026
0.1.0-dev,isd_individual_iso_prediction,0.1.0,0.1.0,ISD,dev,group_kde,tong_style_reduced,tong_style_reduced_xgboost,ISOEventful,dme,0.4957525365801366,1324,308,2027,isd_individual_iso_prediction__isd__tong_style_reduced_xgboost__seed2027
0.1.0-dev,isd_individual_iso_prediction,0.1.0,0.1.0,ISD,dev,group_kde,tong_style_reduced,tong_style_reduced_xgboost,ISOEventful,js_divergence,0.19218077692233326,1324,308,2027,isd_individual_iso_prediction__isd__tong_style_reduced_xgboost__seed2027
0.1.0-dev,isd_individual_iso_prediction,0.1.0,0.1.0,ISD,dev,group_kde,tong_style_reduced,tong_style_reduced_xgboost,ISOEventful,kl_divergence,5.554492774191883,1324,308,2027,isd_individual_iso_prediction__isd__tong_style_reduced_xgboost__seed2027
0.1.0-dev,isd_individual_iso_prediction,0.1.0,0.1.0,ISD,dev,individual,tong_style_reduced,tong_style_reduced_xgboost,ISOEventful,mae,0.2341532378473623,1324,308,2027,isd_individual_iso_prediction__isd__tong_style_reduced_xgboost__seed2027
0.1.0-dev,isd_individual_iso_prediction,0.1.0,0.1.0,ISD,dev,individual,tong_style_reduced,tong_style_reduced_xgboost,ISOEventful,pearson_r,0.14161374311790176,1324,308,2027,isd_individual_iso_prediction__isd__tong_style_reduced_xgboost__seed2027
0.1.0-dev,isd_individual_iso_prediction,0.1.0,0.1.0,ISD,dev,individual,tong_style_reduced,tong_style_reduced_xgboost,ISOEventful,r2,-0.053351453110224156,1324,308,2027,isd_individual_iso_prediction__isd__tong_style_reduced_xgboost__seed2027
0.1.0-dev,isd_individual_iso_prediction,0.1.0,0.1.0,ISD,dev,individual,tong_style_reduced,tong_style_reduced_xgboost,ISOEventful,rmse,0.29754359706536326,1324,308,2027,isd_individual_iso_prediction__isd__tong_style_reduced_xgboost__seed2027
0.1.0-dev,isd_individual_iso_prediction,0.1.0,0.1.0,ISD,dev,individual,tong_style_reduced,tong_style_reduced_xgboost,ISOEventful,spearman_rho,0.16180032592824012,1324,308,2027,isd_individual_iso_prediction__isd__tong_style_reduced_xgboost__seed2027
0.1.0-dev,isd_individual_iso_prediction,0.1.0,0.1.0,ISD,dev,group_kde,tong_style_reduced,tong_style_reduced_xgboost,ISOPleasant,dme,0.5073085195640771,1324,308,2027,isd_individual_iso_prediction__isd__tong_style_reduced_xgboost__seed2027
0.1.0-dev,isd_individual_iso_prediction,0.1.0,0.1.0,ISD,dev,group_kde,tong_style_reduced,tong_style_reduced_xgboost,ISOPleasant,js_divergence,0.2079111647214883,1324,308,2027,isd_individual_iso_prediction__isd__tong_style_reduced_xgboost__seed2027
0.1.0-dev,isd_individual_iso_prediction,0.1.0,0.1.0,ISD,dev,group_kde,tong_style_reduced,tong_style_reduced_xgboost,ISOPleasant,kl_divergence,5.87941159687985,1324,308,2027,isd_individual_iso_prediction__isd__tong_style_reduced_xgboost__seed2027
0.1.0-dev,isd_individual_iso_prediction,0.1.0,0.1.0,ISD,dev,individual,tong_style_reduced,tong_style_reduced_xgboost,ISOPleasant,mae,0.3335925018823518,1324,308,2027,isd_individual_iso_prediction__isd__tong_style_reduced_xgboost__seed2027
0.1.0-dev,isd_individual_iso_prediction,0.1.0,0.1.0,ISD,dev,individual,tong_style_reduced,tong_style_reduced_xgboost,ISOPleasant,pearson_r,0.3682742800120091,1324,308,2027,isd_individual_iso_prediction__isd__tong_style_reduced_xgboost__seed2027
0.1.0-dev,isd_individual_iso_prediction,0.1.0,0.1.0,ISD,dev,individual,tong_style_reduced,tong_style_reduced_xgboost,ISOPleasant,r2,-0.019571635308850643,1324,308,2027,isd_individual_iso_prediction__isd__tong_style_reduced_xgboost__seed2027
0.1.0-dev,isd_individual_iso_prediction,0.1.0,0.1.0,ISD,dev,individual,tong_style_reduced,tong_style_reduced_xgboost,ISOPleasant,rmse,0.41610870323508503,1324,308,2027,isd_individual_iso_prediction__isd__tong_style_reduced_xgboost__seed2027
0.1.0-dev,isd_individual_iso_prediction,0.1.0,0.1.0,ISD,dev,individual,tong_style_reduced,tong_style_reduced_xgboost,ISOPleasant,spearman_rho,0.35831230794954244,1324,308,2027,isd_individual_iso_prediction__isd__tong_style_reduced_xgboost__seed2027
0.1.0-dev,isd_individual_iso_prediction,0.1.0,0.1.0,ISD,test,group_kde,tong_style_reduced,tong_style_reduced_xgboost,ISOEventful,dme,0.3755657755315551,1324,279,2027,isd_individual_iso_prediction__isd__tong_style_reduced_xgboost__seed2027
0.1.0-dev,isd_individual_iso_prediction,0.1.0,0.1.0,ISD,test,group_kde,tong_style_reduced,tong_style_reduced_xgboost,ISOEventful,js_divergence,0.11764231527246585,1324,279,2027,isd_individual_iso_prediction__isd__tong_style_reduced_xgboost__seed2027
0.1.0-dev,isd_individual_iso_prediction,0.1.0,0.1.0,ISD,test,group_kde,tong_style_reduced,tong_style_reduced_xgboost,ISOEventful,kl_divergence,1.8282915825730386,1324,279,2027,isd_individual_iso_prediction__isd__tong_style_reduced_xgboost__seed2027
0.1.0-dev,isd_individual_iso_prediction,0.1.0,0.1.0,ISD,test,individual,tong_style_reduced,tong_style_reduced_xgboost,ISOEventful,mae,0.25133039593290585,1324,279,2027,isd_individual_iso_prediction__isd__tong_style_reduced_xgboost__seed2027
0.1.0-dev,isd_individual_iso_prediction,0.1.0,0.1.0,ISD,test,individual,tong_style_reduced,tong_style_reduced_xgboost,ISOEventful,pearson_r,0.2700158994089529,1324,279,2027,isd_individual_iso_prediction__isd__tong_style_reduced_xgboost__seed2027
0.1.0-dev,isd_individual_iso_prediction,0.1.0,0.1.0,ISD,test,individual,tong_style_reduced,tong_style_reduced_xgboost,ISOEventful,r2,-0.06297521680222129,1324,279,2027,isd_individual_iso_prediction__isd__tong_style_reduced_xgboost__seed2027
0.1.0-dev,isd_individual_iso_prediction,0.1.0,0.1.0,ISD,test,individual,tong_style_reduced,tong_style_reduced_xgboost,ISOEventful,rmse,0.31997005530174205,1324,279,2027,isd_individual_iso_prediction__isd__tong_style_reduced_xgboost__seed2027
0.1.0-dev,isd_individual_iso_prediction,0.1.0,0.1.0,ISD,test,individual,tong_style_reduced,tong_style_reduced_xgboost,ISOEventful,spearman_rho,0.21271251973164138,1324,279,2027,isd_individual_iso_prediction__isd__tong_style_reduced_xgboost__seed2027
0.1.0-dev,isd_individual_iso_prediction,0.1.0,0.1.0,ISD,test,group_kde,tong_style_reduced,tong_style_reduced_xgboost,ISOPleasant,dme,0.4589730865145144,1324,279,2027,isd_individual_iso_prediction__isd__tong_style_reduced_xgboost__seed2027
0.1.0-dev,isd_individual_iso_prediction,0.1.0,0.1.0,ISD,test,group_kde,tong_style_reduced,tong_style_reduced_xgboost,ISOPleasant,js_divergence,0.15313322939237933,1324,279,2027,isd_individual_iso_prediction__isd__tong_style_reduced_xgboost__seed2027
0.1.0-dev,isd_individual_iso_prediction,0.1.0,0.1.0,ISD,test,group_kde,tong_style_reduced,tong_style_reduced_xgboost,ISOPleasant,kl_divergence,1.4567426645177046,1324,279,2027,isd_individual_iso_prediction__isd__tong_style_reduced_xgboost__seed2027
0.1.0-dev,isd_individual_iso_prediction,0.1.0,0.1.0,ISD,test,individual,tong_style_reduced,tong_style_reduced_xgboost,ISOPleasant,mae,0.28379058017322134,1324,279,2027,isd_individual_iso_prediction__isd__tong_style_reduced_xgboost__seed2027
0.1.0-dev,isd_individual_iso_prediction,0.1.0,0.1.0,ISD,test,individual,tong_style_reduced,tong_style_reduced_xgboost,ISOPleasant,pearson_r,0.02118523938663961,1324,279,2027,isd_individual_iso_prediction__isd__tong_style_reduced_xgboost__seed2027
0.1.0-dev,isd_individual_iso_prediction,0.1.0,0.1.0,ISD,test,individual,tong_style_reduced,tong_style_reduced_xgboost,ISOPleasant,r2,-0.2030154448616457,1324,279,2027,isd_individual_iso_prediction__isd__tong_style_reduced_xgboost__seed2027
0.1.0-dev,isd_individual_iso_prediction,0.1.0,0.1.0,ISD,test,individual,tong_style_reduced,tong_style_reduced_xgboost,ISOPleasant,rmse,0.3403018779029382,1324,279,2027,isd_individual_iso_prediction__isd__tong_style_reduced_xgboost__seed2027
0.1.0-dev,isd_individual_iso_prediction,0.1.0,0.1.0,ISD,test,individual,tong_style_reduced,tong_style_reduced_xgboost,ISOPleasant,spearman_rho,-0.022964929005532226,1324,279,2027,isd_individual_iso_prediction__isd__tong_style_reduced_xgboost__seed2027
0.1.0-dev,isd_individual_iso_prediction,0.1.0,0.1.0,ISD,dev,group_kde,tong_style_reduced,tong_style_reduced_xgboost,ISOEventful,dme,0.48516633132080145,1324,308,2028,isd_individual_iso_prediction__isd__tong_style_reduced_xgboost__seed2028
0.1.0-dev,isd_individual_iso_prediction,0.1.0,0.1.0,ISD,dev,group_kde,tong_style_reduced,tong_style_reduced_xgboost,ISOEventful,js_divergence,0.18271782392049735,1324,308,2028,isd_individual_iso_prediction__isd__tong_style_reduced_xgboost__seed2028
0.1.0-dev,isd_individual_iso_prediction,0.1.0,0.1.0,ISD,dev,group_kde,tong_style_reduced,tong_style_reduced_xgboost,ISOEventful,kl_divergence,4.816079233442237,1324,308,2028,isd_individual_iso_prediction__isd__tong_style_reduced_xgboost__seed2028
0.1.0-dev,isd_individual_iso_prediction,0.1.0,0.1.0,ISD,dev,individual,tong_style_reduced,tong_style_reduced_xgboost,ISOEventful,mae,0.231193977723777,1324,308,2028,isd_individual_iso_prediction__isd__tong_style_reduced_xgboost__seed2028
0.1.0-dev,isd_individual_iso_prediction,0.1.0,0.1.0,ISD,dev,individual,tong_style_reduced,tong_style_reduced_xgboost,ISOEventful,pearson_r,0.1654626586887543,1324,308,2028,isd_individual_iso_prediction__isd__tong_style_reduced_xgboost__seed2028
0.1.0-dev,isd_individual_iso_prediction,0.1.0,0.1.0,ISD,dev,individual,tong_style_reduced,tong_style_reduced_xgboost,ISOEventful,r2,-0.032977724323780544,1324,308,2028,isd_individual_iso_prediction__isd__tong_style_reduced_xgboost__seed2028
0.1.0-dev,isd_individual_iso_prediction,0.1.0,0.1.0,ISD,dev,individual,tong_style_reduced,tong_style_reduced_xgboost,ISOEventful,rmse,0.2946520301728292,1324,308,2028,isd_individual_iso_prediction__isd__tong_style_reduced_xgboost__seed2028
0.1.0-dev,isd_individual_iso_prediction,0.1.0,0.1.0,ISD,dev,individual,tong_style_reduced,tong_style_reduced_xgboost,ISOEventful,spearman_rho,0.19094669848953014,1324,308,2028,isd_individual_iso_prediction__isd__tong_style_reduced_xgboost__seed2028
0.1.0-dev,isd_individual_iso_prediction,0.1.0,0.1.0,ISD,dev,group_kde,tong_style_reduced,tong_style_reduced_xgboost,ISOPleasant,dme,0.500522655024388,1324,308,2028,isd_individual_iso_prediction__isd__tong_style_reduced_xgboost__seed2028
0.1.0-dev,isd_individual_iso_prediction,0.1.0,0.1.0,ISD,dev,group_kde,tong_style_reduced,tong_style_reduced_xgboost,ISOPleasant,js_divergence,0.20338146277748265,1324,308,2028,isd_individual_iso_prediction__isd__tong_style_reduced_xgboost__seed2028
0.1.0-dev,isd_individual_iso_prediction,0.1.0,0.1.0,ISD,dev,group_kde,tong_style_reduced,tong_style_reduced_xgboost,ISOPleasant,kl_divergence,5.698269233650277,1324,308,2028,isd_individual_iso_prediction__isd__tong_style_reduced_xgboost__seed2028
0.1.0-dev,isd_individual_iso_prediction,0.1.0,0.1.0,ISD,dev,individual,tong_style_reduced,tong_style_reduced_xgboost,ISOPleasant,mae,0.33302697046869617,1324,308,2028,isd_individual_iso_prediction__isd__tong_style_reduced_xgboost__seed2028
0.1.0-dev,isd_individual_iso_prediction,0.1.0,0.1.0,ISD,dev,individual,tong_style_reduced,tong_style_reduced_xgboost,ISOPleasant,pearson_r,0.36545481446168615,1324,308,2028,isd_individual_iso_prediction__isd__tong_style_reduced_xgboost__seed2028
0.1.0-dev,isd_individual_iso_prediction,0.1.0,0.1.0,ISD,dev,individual,tong_style_reduced,tong_style_reduced_xgboost,ISOPleasant,r2,-0.01963488604994068,1324,308,2028,isd_individual_iso_prediction__isd__tong_style_reduced_xgboost__seed2028
0.1.0-dev,isd_individual_iso_prediction,0.1.0,0.1.0,ISD,dev,individual,tong_style_reduced,tong_style_reduced_xgboost,ISOPleasant,rmse,0.41612161001611286,1324,308,2028,isd_individual_iso_prediction__isd__tong_style_reduced_xgboost__seed2028
0.1.0-dev,isd_individual_iso_prediction,0.1.0,0.1.0,ISD,dev,individual,tong_style_reduced,tong_style_reduced_xgboost,ISOPleasant,spearman_rho,0.36478692116470185,1324,308,2028,isd_individual_iso_prediction__isd__tong_style_reduced_xgboost__seed2028
0.1.0-dev,isd_individual_iso_prediction,0.1.0,0.1.0,ISD,test,group_kde,tong_style_reduced,tong_style_reduced_xgboost,ISOEventful,dme,0.3960217697759465,1324,279,2028,isd_individual_iso_prediction__isd__tong_style_reduced_xgboost__seed2028
0.1.0-dev,isd_individual_iso_prediction,0.1.0,0.1.0,ISD,test,group_kde,tong_style_reduced,tong_style_reduced_xgboost,ISOEventful,js_divergence,0.12010032726959366,1324,279,2028,isd_individual_iso_prediction__isd__tong_style_reduced_xgboost__seed2028
0.1.0-dev,isd_individual_iso_prediction,0.1.0,0.1.0,ISD,test,group_kde,tong_style_reduced,tong_style_reduced_xgboost,ISOEventful,kl_divergence,1.713261420833856,1324,279,2028,isd_individual_iso_prediction__isd__tong_style_reduced_xgboost__seed2028
0.1.0-dev,isd_individual_iso_prediction,0.1.0,0.1.0,ISD,test,individual,tong_style_reduced,tong_style_reduced_xgboost,ISOEventful,mae,0.2546975154625089,1324,279,2028,isd_individual_iso_prediction__isd__tong_style_reduced_xgboost__seed2028
0.1.0-dev,isd_individual_iso_prediction,0.1.0,0.1.0,ISD,test,individual,tong_style_reduced,tong_style_reduced_xgboost,ISOEventful,pearson_r,0.26671545750496706,1324,279,2028,isd_individual_iso_prediction__isd__tong_style_reduced_xgboost__seed2028
0.1.0-dev,isd_individual_iso_prediction,0.1.0,0.1.0,ISD,test,individual,tong_style_reduced,tong_style_reduced_xgboost,ISOEventful,r2,-0.08033794727087473,1324,279,2028,isd_individual_iso_prediction__isd__tong_style_reduced_xgboost__seed2028
0.1.0-dev,isd_individual_iso_prediction,0.1.0,0.1.0,ISD,test,individual,tong_style_reduced,tong_style_reduced_xgboost,ISOEventful,rmse,0.3225726799557024,1324,279,2028,isd_individual_iso_prediction__isd__tong_style_reduced_xgboost__seed2028
0.1.0-dev,isd_individual_iso_prediction,0.1.0,0.1.0,ISD,test,individual,tong_style_reduced,tong_style_reduced_xgboost,ISOEventful,spearman_rho,0.20398599471494278,1324,279,2028,isd_individual_iso_prediction__isd__tong_style_reduced_xgboost__seed2028
0.1.0-dev,isd_individual_iso_prediction,0.1.0,0.1.0,ISD,test,group_kde,tong_style_reduced,tong_style_reduced_xgboost,ISOPleasant,dme,0.44005238854341805,1324,279,2028,isd_individual_iso_prediction__isd__tong_style_reduced_xgboost__seed2028
0.1.0-dev,isd_individual_iso_prediction,0.1.0,0.1.0,ISD,test,group_kde,tong_style_reduced,tong_style_reduced_xgboost,ISOPleasant,js_divergence,0.14599323760703603,1324,279,2028,isd_individual_iso_prediction__isd__tong_style_reduced_xgboost__seed2028
0.1.0-dev,isd_individual_iso_prediction,0.1.0,0.1.0,ISD,test,group_kde,tong_style_reduced,tong_style_reduced_xgboost,ISOPleasant,kl_divergence,1.7022892920308992,1324,279,2028,isd_individual_iso_prediction__isd__tong_style_reduced_xgboost__seed2028
0.1.0-dev,isd_individual_iso_prediction,0.1.0,0.1.0,ISD,test,individual,tong_style_reduced,tong_style_reduced_xgboost,ISOPleasant,mae,0.2893427899279869,1324,279,2028,isd_individual_iso_prediction__isd__tong_style_reduced_xgboost__seed2028
0.1.0-dev,isd_individual_iso_prediction,0.1.0,0.1.0,ISD,test,individual,tong_style_reduced,tong_style_reduced_xgboost,ISOPleasant,pearson_r,0.006261713656163289,1324,279,2028,isd_individual_iso_prediction__isd__tong_style_reduced_xgboost__seed2028
0.1.0-dev,isd_individual_iso_prediction,0.1.0,0.1.0,ISD,test,individual,tong_style_reduced,tong_style_reduced_xgboost,ISOPleasant,r2,-0.23974562187719362,1324,279,2028,isd_individual_iso_prediction__isd__tong_style_reduced_xgboost__seed2028
0.1.0-dev,isd_individual_iso_prediction,0.1.0,0.1.0,ISD,test,individual,tong_style_reduced,tong_style_reduced_xgboost,ISOPleasant,rmse,0.34545782612994247,1324,279,2028,isd_individual_iso_prediction__isd__tong_style_reduced_xgboost__seed2028
0.1.0-dev,isd_individual_iso_prediction,0.1.0,0.1.0,ISD,test,individual,tong_style_reduced,tong_style_reduced_xgboost,ISOPleasant,spearman_rho,-0.022517346633528754,1324,279,2028,isd_individual_iso_prediction__isd__tong_style_reduced_xgboost__seed2028
0.1.0-dev,isd_individual_iso_prediction,0.1.0,0.1.0,ISD,dev,group_kde,tong_style_reduced,tong_style_reduced_xgboost,ISOEventful,dme,0.499414912616045,1324,308,2029,isd_individual_iso_prediction__isd__tong_style_reduced_xgboost__seed2029
0.1.0-dev,isd_individual_iso_prediction,0.1.0,0.1.0,ISD,dev,group_kde,tong_style_reduced,tong_style_reduced_xgboost,ISOEventful,js_divergence,0.19932557995992295,1324,308,2029,isd_individual_iso_prediction__isd__tong_style_reduced_xgboost__seed2029
0.1.0-dev,isd_individual_iso_prediction,0.1.0,0.1.0,ISD,dev,group_kde,tong_style_reduced,tong_style_reduced_xgboost,ISOEventful,kl_divergence,5.774443271466488,1324,308,2029,isd_individual_iso_prediction__isd__tong_style_reduced_xgboost__seed2029
0.1.0-dev,isd_individual_iso_prediction,0.1.0,0.1.0,ISD,dev,individual,tong_style_reduced,tong_style_reduced_xgboost,ISOEventful,mae,0.23582671726916363,1324,308,2029,isd_individual_iso_prediction__isd__tong_style_reduced_xgboost__seed2029
0.1.0-dev,isd_individual_iso_prediction,0.1.0,0.1.0,ISD,dev,individual,tong_style_reduced,tong_style_reduced_xgboost,ISOEventful,pearson_r,0.14333024306926312,1324,308,2029,isd_individual_iso_prediction__isd__tong_style_reduced_xgboost__seed2029
0.1.0-dev,isd_individual_iso_prediction,0.1.0,0.1.0,ISD,dev,individual,tong_style_reduced,tong_style_reduced_xgboost,ISOEventful,r2,-0.054066506403699144,1324,308,2029,isd_individual_iso_prediction__isd__tong_style_reduced_xgboost__seed2029
0.1.0-dev,isd_individual_iso_prediction,0.1.0,0.1.0,ISD,dev,individual,tong_style_reduced,tong_style_reduced_xgboost,ISOEventful,rmse,0.29764457164200087,1324,308,2029,isd_individual_iso_prediction__isd__tong_style_reduced_xgboost__seed2029
0.1.0-dev,isd_individual_iso_prediction,0.1.0,0.1.0,ISD,dev,individual,tong_style_reduced,tong_style_reduced_xgboost,ISOEventful,spearman_rho,0.16573131323121837,1324,308,2029,isd_individual_iso_prediction__isd__tong_style_reduced_xgboost__seed2029
0.1.0-dev,isd_individual_iso_prediction,0.1.0,0.1.0,ISD,dev,group_kde,tong_style_reduced,tong_style_reduced_xgboost,ISOPleasant,dme,0.506232739042274,1324,308,2029,isd_individual_iso_prediction__isd__tong_style_reduced_xgboost__seed2029
0.1.0-dev,isd_individual_iso_prediction,0.1.0,0.1.0,ISD,dev,group_kde,tong_style_reduced,tong_style_reduced_xgboost,ISOPleasant,js_divergence,0.21096773875994215,1324,308,2029,isd_individual_iso_prediction__isd__tong_style_reduced_xgboost__seed2029
0.1.0-dev,isd_individual_iso_prediction,0.1.0,0.1.0,ISD,dev,group_kde,tong_style_reduced,tong_style_reduced_xgboost,ISOPleasant,kl_divergence,6.2436450660165335,1324,308,2029,isd_individual_iso_prediction__isd__tong_style_reduced_xgboost__seed2029
0.1.0-dev,isd_individual_iso_prediction,0.1.0,0.1.0,ISD,dev,individual,tong_style_reduced,tong_style_reduced_xgboost,ISOPleasant,mae,0.33324735207404493,1324,308,2029,isd_individual_iso_prediction__isd__tong_style_reduced_xgboost__seed2029
0.1.0-dev,isd_individual_iso_prediction,0.1.0,0.1.0,ISD,dev,individual,tong_style_reduced,tong_style_reduced_xgboost,ISOPleasant,pearson_r,0.37959870722694655,1324,308,2029,isd_individual_iso_prediction__isd__tong_style_reduced_xgboost__seed2029
0.1.0-dev,isd_individual_iso_prediction,0.1.0,0.1.0,ISD,dev,individual,tong_style_reduced,tong_style_reduced_xgboost,ISOPleasant,r2,-0.021782213675879625,1324,308,2029,isd_individual_iso_prediction__isd__tong_style_reduced_xgboost__seed2029
0.1.0-dev,isd_individual_iso_prediction,0.1.0,0.1.0,ISD,dev,individual,tong_style_reduced,tong_style_reduced_xgboost,ISOPleasant,rmse,0.41655955083553964,1324,308,2029,isd_individual_iso_prediction__isd__tong_style_reduced_xgboost__seed2029
0.1.0-dev,isd_individual_iso_prediction,0.1.0,0.1.0,ISD,dev,individual,tong_style_reduced,tong_style_reduced_xgboost,ISOPleasant,spearman_rho,0.36317458484902176,1324,308,2029,isd_individual_iso_prediction__isd__tong_style_reduced_xgboost__seed2029
0.1.0-dev,isd_individual_iso_prediction,0.1.0,0.1.0,ISD,test,group_kde,tong_style_reduced,tong_style_reduced_xgboost,ISOEventful,dme,0.40506799204340094,1324,279,2029,isd_individual_iso_prediction__isd__tong_style_reduced_xgboost__seed2029
0.1.0-dev,isd_individual_iso_prediction,0.1.0,0.1.0,ISD,test,group_kde,tong_style_reduced,tong_style_reduced_xgboost,ISOEventful,js_divergence,0.13234611227989232,1324,279,2029,isd_individual_iso_prediction__isd__tong_style_reduced_xgboost__seed2029
0.1.0-dev,isd_individual_iso_prediction,0.1.0,0.1.0,ISD,test,group_kde,tong_style_reduced,tong_style_reduced_xgboost,ISOEventful,kl_divergence,2.1560216623188855,1324,279,2029,isd_individual_iso_prediction__isd__tong_style_reduced_xgboost__seed2029
0.1.0-dev,isd_individual_iso_prediction,0.1.0,0.1.0,ISD,test,individual,tong_style_reduced,tong_style_reduced_xgboost,ISOEventful,mae,0.2549186416153719,1324,279,2029,isd_individual_iso_prediction__isd__tong_style_reduced_xgboost__seed2029
0.1.0-dev,isd_individual_iso_prediction,0.1.0,0.1.0,ISD,test,individual,tong_style_reduced,tong_style_reduced_xgboost,ISOEventful,pearson_r,0.25926077294618816,1324,279,2029,isd_individual_iso_prediction__isd__tong_style_reduced_xgboost__seed2029
0.1.0-dev,isd_individual_iso_prediction,0.1.0,0.1.0,ISD,test,individual,tong_style_reduced,tong_style_reduced_xgboost,ISOEventful,r2,-0.08067938850377487,1324,279,2029,isd_individual_iso_prediction__isd__tong_style_reduced_xgboost__seed2029
0.1.0-dev,isd_individual_iso_prediction,0.1.0,0.1.0,ISD,test,individual,tong_style_reduced,tong_style_reduced_xgboost,ISOEventful,rmse,0.3226236505398516,1324,279,2029,isd_individual_iso_prediction__isd__tong_style_reduced_xgboost__seed2029
0.1.0-dev,isd_individual_iso_prediction,0.1.0,0.1.0,ISD,test,individual,tong_style_reduced,tong_style_reduced_xgboost,ISOEventful,spearman_rho,0.2164037210525916,1324,279,2029,isd_individual_iso_prediction__isd__tong_style_reduced_xgboost__seed2029
0.1.0-dev,isd_individual_iso_prediction,0.1.0,0.1.0,ISD,test,group_kde,tong_style_reduced,tong_style_reduced_xgboost,ISOPleasant,dme,0.4433473376573346,1324,279,2029,isd_individual_iso_prediction__isd__tong_style_reduced_xgboost__seed2029
0.1.0-dev,isd_individual_iso_prediction,0.1.0,0.1.0,ISD,test,group_kde,tong_style_reduced,tong_style_reduced_xgboost,ISOPleasant,js_divergence,0.15001126330753106,1324,279,2029,isd_individual_iso_prediction__isd__tong_style_reduced_xgboost__seed2029
0.1.0-dev,isd_individual_iso_prediction,0.1.0,0.1.0,ISD,test,group_kde,tong_style_reduced,tong_style_reduced_xgboost,ISOPleasant,kl_divergence,1.4445721736880746,1324,279,2029,isd_individual_iso_prediction__isd__tong_style_reduced_xgboost__seed2029
0.1.0-dev,isd_individual_iso_prediction,0.1.0,0.1.0,ISD,test,individual,tong_style_reduced,tong_style_reduced_xgboost,ISOPleasant,mae,0.2864231804226488,1324,279,2029,isd_individual_iso_prediction__isd__tong_style_reduced_xgboost__seed2029
0.1.0-dev,isd_individual_iso_prediction,0.1.0,0.1.0,ISD,test,individual,tong_style_reduced,tong_style_reduced_xgboost,ISOPleasant,pearson_r,0.02212298541349037,1324,279,2029,isd_individual_iso_prediction__isd__tong_style_reduced_xgboost__seed2029
0.1.0-dev,isd_individual_iso_prediction,0.1.0,0.1.0,ISD,test,individual,tong_style_reduced,tong_style_reduced_xgboost,ISOPleasant,r2,-0.22067790184635738,1324,279,2029,isd_individual_iso_prediction__isd__tong_style_reduced_xgboost__seed2029
0.1.0-dev,isd_individual_iso_prediction,0.1.0,0.1.0,ISD,test,individual,tong_style_reduced,tong_style_reduced_xgboost,ISOPleasant,rmse,0.3427909009112511,1324,279,2029,isd_individual_iso_prediction__isd__tong_style_reduced_xgboost__seed2029
0.1.0-dev,isd_individual_iso_prediction,0.1.0,0.1.0,ISD,test,individual,tong_style_reduced,tong_style_reduced_xgboost,ISOPleasant,spearman_rho,-0.008802914076179526,1324,279,2029,isd_individual_iso_prediction__isd__tong_style_reduced_xgboost__seed2029
0.1.0-dev,isd_individual_iso_prediction,0.1.0,0.1.0,ISD,dev,group_kde,tong_style_reduced,tong_style_reduced_xgboost,ISOEventful,dme,0.5039157571261587,1324,308,2030,isd_individual_iso_prediction__isd__tong_style_reduced_xgboost__seed2030
0.1.0-dev,isd_individual_iso_prediction,0.1.0,0.1.0,ISD,dev,group_kde,tong_style_reduced,tong_style_reduced_xgboost,ISOEventful,js_divergence,0.20060848886642285,1324,308,2030,isd_individual_iso_prediction__isd__tong_style_reduced_xgboost__seed2030
0.1.0-dev,isd_individual_iso_prediction,0.1.0,0.1.0,ISD,dev,group_kde,tong_style_reduced,tong_style_reduced_xgboost,ISOEventful,kl_divergence,5.883757109804219,1324,308,2030,isd_individual_iso_prediction__isd__tong_style_reduced_xgboost__seed2030
0.1.0-dev,isd_individual_iso_prediction,0.1.0,0.1.0,ISD,dev,individual,tong_style_reduced,tong_style_reduced_xgboost,ISOEventful,mae,0.23406211916749375,1324,308,2030,isd_individual_iso_prediction__isd__tong_style_reduced_xgboost__seed2030
0.1.0-dev,isd_individual_iso_prediction,0.1.0,0.1.0,ISD,dev,individual,tong_style_reduced,tong_style_reduced_xgboost,ISOEventful,pearson_r,0.14314578236534242,1324,308,2030,isd_individual_iso_prediction__isd__tong_style_reduced_xgboost__seed2030
0.1.0-dev,isd_individual_iso_prediction,0.1.0,0.1.0,ISD,dev,individual,tong_style_reduced,tong_style_reduced_xgboost,ISOEventful,r2,-0.05508711018620738,1324,308,2030,isd_individual_iso_prediction__isd__tong_style_reduced_xgboost__seed2030
0.1.0-dev,isd_individual_iso_prediction,0.1.0,0.1.0,ISD,dev,individual,tong_style_reduced,tong_style_reduced_xgboost,ISOEventful,rmse,0.2977886345052315,1324,308,2030,isd_individual_iso_prediction__isd__tong_style_reduced_xgboost__seed2030
0.1.0-dev,isd_individual_iso_prediction,0.1.0,0.1.0,ISD,dev,individual,tong_style_reduced,tong_style_reduced_xgboost,ISOEventful,spearman_rho,0.17341373980330352,1324,308,2030,isd_individual_iso_prediction__isd__tong_style_reduced_xgboost__seed2030
0.1.0-dev,isd_individual_iso_prediction,0.1.0,0.1.0,ISD,dev,group_kde,tong_style_reduced,tong_style_reduced_xgboost,ISOPleasant,dme,0.5036305070759626,1324,308,2030,isd_individual_iso_prediction__isd__tong_style_reduced_xgboost__seed2030
0.1.0-dev,isd_individual_iso_prediction,0.1.0,0.1.0,ISD,dev,group_kde,tong_style_reduced,tong_style_reduced_xgboost,ISOPleasant,js_divergence,0.2094531724693483,1324,308,2030,isd_individual_iso_prediction__isd__tong_style_reduced_xgboost__seed2030
0.1.0-dev,isd_individual_iso_prediction,0.1.0,0.1.0,ISD,dev,group_kde,tong_style_reduced,tong_style_reduced_xgboost,ISOPleasant,kl_divergence,6.006620114243785,1324,308,2030,isd_individual_iso_prediction__isd__tong_style_reduced_xgboost__seed2030
0.1.0-dev,isd_individual_iso_prediction,0.1.0,0.1.0,ISD,dev,individual,tong_style_reduced,tong_style_reduced_xgboost,ISOPleasant,mae,0.33112313242417507,1324,308,2030,isd_individual_iso_prediction__isd__tong_style_reduced_xgboost__seed2030
0.1.0-dev,isd_individual_iso_prediction,0.1.0,0.1.0,ISD,dev,individual,tong_style_reduced,tong_style_reduced_xgboost,ISOPleasant,pearson_r,0.36973281887061393,1324,308,2030,isd_individual_iso_prediction__isd__tong_style_reduced_xgboost__seed2030
0.1.0-dev,isd_individual_iso_prediction,0.1.0,0.1.0,ISD,dev,individual,tong_style_reduced,tong_style_reduced_xgboost,ISOPleasant,r2,-0.01578630532442804,1324,308,2030,isd_individual_iso_prediction__isd__tong_style_reduced_xgboost__seed2030
0.1.0-dev,isd_individual_iso_prediction,0.1.0,0.1.0,ISD,dev,individual,tong_style_reduced,tong_style_reduced_xgboost,ISOPleasant,rmse,0.4153355484216711,1324,308,2030,isd_individual_iso_prediction__isd__tong_style_reduced_xgboost__seed2030
0.1.0-dev,isd_individual_iso_prediction,0.1.0,0.1.0,ISD,dev,individual,tong_style_reduced,tong_style_reduced_xgboost,ISOPleasant,spearman_rho,0.3627835522390576,1324,308,2030,isd_individual_iso_prediction__isd__tong_style_reduced_xgboost__seed2030
0.1.0-dev,isd_individual_iso_prediction,0.1.0,0.1.0,ISD,test,group_kde,tong_style_reduced,tong_style_reduced_xgboost,ISOEventful,dme,0.38871522183343304,1324,279,2030,isd_individual_iso_prediction__isd__tong_style_reduced_xgboost__seed2030
0.1.0-dev,isd_individual_iso_prediction,0.1.0,0.1.0,ISD,test,group_kde,tong_style_reduced,tong_style_reduced_xgboost,ISOEventful,js_divergence,0.11915928150016984,1324,279,2030,isd_individual_iso_prediction__isd__tong_style_reduced_xgboost__seed2030
0.1.0-dev,isd_individual_iso_prediction,0.1.0,0.1.0,ISD,test,group_kde,tong_style_reduced,tong_style_reduced_xgboost,ISOEventful,kl_divergence,1.598050702102509,1324,279,2030,isd_individual_iso_prediction__isd__tong_style_reduced_xgboost__seed2030
0.1.0-dev,isd_individual_iso_prediction,0.1.0,0.1.0,ISD,test,individual,tong_style_reduced,tong_style_reduced_xgboost,ISOEventful,mae,0.25227738088953233,1324,279,2030,isd_individual_iso_prediction__isd__tong_style_reduced_xgboost__seed2030
0.1.0-dev,isd_individual_iso_prediction,0.1.0,0.1.0,ISD,test,individual,tong_style_reduced,tong_style_reduced_xgboost,ISOEventful,pearson_r,0.2739192045953729,1324,279,2030,isd_individual_iso_prediction__isd__tong_style_reduced_xgboost__seed2030
0.1.0-dev,isd_individual_iso_prediction,0.1.0,0.1.0,ISD,test,individual,tong_style_reduced,tong_style_reduced_xgboost,ISOEventful,r2,-0.06979347559208304,1324,279,2030,isd_individual_iso_prediction__isd__tong_style_reduced_xgboost__seed2030
0.1.0-dev,isd_individual_iso_prediction,0.1.0,0.1.0,ISD,test,individual,tong_style_reduced,tong_style_reduced_xgboost,ISOEventful,rmse,0.32099460947432623,1324,279,2030,isd_individual_iso_prediction__isd__tong_style_reduced_xgboost__seed2030
0.1.0-dev,isd_individual_iso_prediction,0.1.0,0.1.0,ISD,test,individual,tong_style_reduced,tong_style_reduced_xgboost,ISOEventful,spearman_rho,0.2243929728838898,1324,279,2030,isd_individual_iso_prediction__isd__tong_style_reduced_xgboost__seed2030
0.1.0-dev,isd_individual_iso_prediction,0.1.0,0.1.0,ISD,test,group_kde,tong_style_reduced,tong_style_reduced_xgboost,ISOPleasant,dme,0.42659310876372925,1324,279,2030,isd_individual_iso_prediction__isd__tong_style_reduced_xgboost__seed2030
0.1.0-dev,isd_individual_iso_prediction,0.1.0,0.1.0,ISD,test,group_kde,tong_style_reduced,tong_style_reduced_xgboost,ISOPleasant,js_divergence,0.13628625306741954,1324,279,2030,isd_individual_iso_prediction__isd__tong_style_reduced_xgboost__seed2030
0.1.0-dev,isd_individual_iso_prediction,0.1.0,0.1.0,ISD,test,group_kde,tong_style_reduced,tong_style_reduced_xgboost,ISOPleasant,kl_divergence,1.3813136713098748,1324,279,2030,isd_individual_iso_prediction__isd__tong_style_reduced_xgboost__seed2030
0.1.0-dev,isd_individual_iso_prediction,0.1.0,0.1.0,ISD,test,individual,tong_style_reduced,tong_style_reduced_xgboost,ISOPleasant,mae,0.29144315913188207,1324,279,2030,isd_individual_iso_prediction__isd__tong_style_reduced_xgboost__seed2030
0.1.0-dev,isd_individual_iso_prediction,0.1.0,0.1.0,ISD,test,individual,tong_style_reduced,tong_style_reduced_xgboost,ISOPleasant,pearson_r,0.023422381825258968,1324,279,2030,isd_individual_iso_prediction__isd__tong_style_reduced_xgboost__seed2030
0.1.0-dev,isd_individual_iso_prediction,0.1.0,0.1.0,ISD,test,individual,tong_style_reduced,tong_style_reduced_xgboost,ISOPleasant,r2,-0.26791038691972946,1324,279,2030,isd_individual_iso_prediction__isd__tong_style_reduced_xgboost__seed2030
0.1.0-dev,isd_individual_iso_prediction,0.1.0,0.1.0,ISD,test,individual,tong_style_reduced,tong_style_reduced_xgboost,ISOPleasant,rmse,0.349359875381208,1324,279,2030,isd_individual_iso_prediction__isd__tong_style_reduced_xgboost__seed2030
0.1.0-dev,isd_individual_iso_prediction,0.1.0,0.1.0,ISD,test,individual,tong_style_reduced,tong_style_reduced_xgboost,ISOPleasant,spearman_rho,0.0045348477167221814,1324,279,2030,isd_individual_iso_prediction__isd__tong_style_reduced_xgboost__seed2030
